time,total_forcing
1750-12-01,0.29756832829343
1751-01-01,0.29736225034437214
1751-02-01,0.2970068588695749
1751-03-01,0.29656143006152047
1751-04-01,0.29593484171922524
1751-05-01,0.29519923902265893
1751-06-01,0.2943101547046888
1751-07-01,0.2933293263410543
1751-08-01,0.29219593828681795
1751-09-01,0.29094536769243573
1751-10-01,0.2896279900979972
1751-11-01,0.2881605532431782
1751-12-01,0.2866421077706115
1752-01-01,0.2849759968947642
1752-02-01,0.2832158923504494
1752-03-01,0.28148841183489853
1752-04-01,0.27955973122968353
1752-05-01,0.2776168554253489
1752-06-01,0.27553483228091075
1752-07-01,0.2734523631673643
1752-08-01,0.27123518972311167
1752-09-01,0.26895630515723773
1752-10-01,0.2666966011886709
1752-11-01,0.2643100037988119
1752-12-01,0.2619548643099735
1753-01-01,0.2594746615495919
1753-02-01,0.25693142782359163
1753-03-01,0.2545636589116343
1753-04-01,0.2518457321291048
1753-05-01,0.24910090852717257
1753-06-01,0.24612691864855624
1753-07-01,0.2430971763834519
1753-08-01,0.2397904176970336
1753-09-01,0.23628515103951617
1753-10-01,0.23268529222890372
1753-11-01,0.22873156946066964
1753-12-01,0.2246606051985337
1754-01-01,0.22020327712779936
1754-02-01,0.21557900670631774
1754-03-01,0.2113498613066233
1754-04-01,0.2067104622813816
1754-05-01,0.20236341441273062
1754-06-01,0.19812551798515335
1754-07-01,0.19437222897039125
1754-08-01,0.19095993157651966
1754-09-01,0.1881297275152286
1754-10-01,0.18604821539736796
1754-11-01,0.18468323122413982
1754-12-01,0.1842248817895858
1755-01-01,0.18466063766509927
1755-02-01,0.1856876068604011
1755-03-01,0.18677239416142974
1755-04-01,0.18775889308271632
1755-05-01,0.1881144829341972
1755-06-01,0.18745220985460656
1755-07-01,0.18542170808392297
1755-08-01,0.1814769509860694
1755-09-01,0.17523795830226374
1755-10-01,0.16661839282999052
1755-11-01,0.15463295701973345
1755-12-01,0.1396618117392561
1756-01-01,0.12050430542714953
1756-02-01,0.09821864834998825
1756-03-01,0.0752710539979728
1756-04-01,0.049279049630312245
1756-05-01,0.023448883193374244
1756-06-01,-0.0031369539178211564
1756-07-01,-0.027993158116882924
1756-08-01,-0.05197230719293257
1756-09-01,-0.07340020937168064
1756-10-01,-0.09092921124342468
1756-11-01,-0.10492341044213173
1756-12-01,-0.1137098671177003
1757-01-01,-0.11731259505167792
1757-02-01,-0.11574102371737517
1757-03-01,-0.11039809681320077
1757-04-01,-0.10071901935607444
1757-05-01,-0.08816040414085813
1757-06-01,-0.07249812160233006
1757-07-01,-0.055329525963212355
1757-08-01,-0.03612315563002319
1757-09-01,-0.016050435184280377
1757-10-01,0.00360632519016307
1757-11-01,0.023544464735810684
1757-12-01,0.0418907674875456
1758-01-01,0.05938512278790576
1758-02-01,0.07541627307262758
1758-03-01,0.08876275878762616
1758-04-01,0.10242226197308812
1758-05-01,0.1146598272316251
1758-06-01,0.12643684577196704
1758-07-01,0.13713283712825003
1758-08-01,0.14760642091572027
1758-09-01,0.15763951290761563
1758-10-01,0.1670704081600622
1758-11-01,0.17667338654805056
1758-12-01,0.1859682282607073
1759-01-01,0.19566962174070238
1759-02-01,0.20536548644838723
1759-03-01,0.21399054294344413
1759-04-01,0.22325158385201163
1759-05-01,0.23178565644093363
1759-06-01,0.24001222123819477
1759-07-01,0.24725744868822616
1759-08-01,0.25385487630975284
1759-09-01,0.2593964896133035
1759-10-01,0.26360940955281087
1759-11-01,0.26662501981296494
1759-12-01,0.2681056814534943
1760-01-01,0.268110658397299
1760-02-01,0.2669620166753438
1760-03-01,0.26529187204145976
1760-04-01,0.2633495795784995
1760-05-01,0.2617823037938333
1760-06-01,0.26097863433368185
1760-07-01,0.26146240328347997
1760-08-01,0.2637589366050793
1760-09-01,0.26838271965123195
1760-10-01,0.2755503691835136
1760-11-01,0.28623280320260847
1760-12-01,0.3002128148598062
1761-01-01,0.31853036390809086
1761-02-01,0.339364810427945
1761-03-01,0.3588457152741477
1761-04-01,0.37948614407785664
1761-05-01,0.39688867742114664
1761-06-01,0.41045757925031134
1761-07-01,0.4176366439441504
1761-08-01,0.4171485708723276
1761-09-01,0.40683975383896864
1761-10-01,0.3858135601209042
1761-11-01,0.3509123385270041
1761-12-01,0.30270698817304
1762-01-01,0.23703767317418406
1762-02-01,0.15750211616226045
1762-03-01,0.07628590629728614
1762-04-01,-0.02120152476864423
1762-05-01,-0.1203346514640639
1762-06-01,-0.22474946303532817
1762-07-01,-0.32486380529410214
1762-08-01,-0.42437908185763146
1762-09-01,-0.5168719982434496
1762-10-01,-0.596818063613064
1762-11-01,-0.6665741297911094
1762-12-01,-0.718794090679136
1763-01-01,-0.754806546014922
1763-02-01,-0.7736423056558643
1763-03-01,-0.7774440284858444
1763-04-01,-0.7687452252901056
1763-05-01,-0.749112804680331
1763-06-01,-0.7190545524147588
1763-07-01,-0.6822486150880003
1763-08-01,-0.6380578773438269
1763-09-01,-0.5894546483448999
1763-10-01,-0.5399759994019915
1763-11-01,-0.4881399677177969
1763-12-01,-0.4390297179139354
1764-01-01,-0.39085153395726685
1764-02-01,-0.3454548819362239
1764-03-01,-0.3053710570775944
1764-04-01,-0.26492787630163445
1764-05-01,-0.22801605210789402
1764-06-01,-0.19202742504440393
1764-07-01,-0.1591427749425346
1764-08-01,-0.12702242062310828
1764-09-01,-0.09664322918948623
1764-10-01,-0.0687592133902387
1764-11-01,-0.041364067666362955
1764-12-01,-0.0160841536982863
1765-01-01,0.008827272545864078
1765-02-01,0.032229114819545816
1765-03-01,0.05176570920200558
1765-04-01,0.07128796700975565
1765-05-01,0.08773982379295894
1765-06-01,0.10186348697036988
1765-07-01,0.11240833743049228
1765-08-01,0.11972278217054179
1765-09-01,0.1230362106209208
1765-10-01,0.12209010899000186
1765-11-01,0.11646682080226456
1765-12-01,0.1061897238084804
1766-01-01,0.09040651722402956
1766-02-01,0.06994876463650561
1766-03-01,0.04808526885172136
1766-04-01,0.020831092749125497
1766-05-01,-0.00790104851781854
1766-06-01,-0.039286716110986185
1766-07-01,-0.07059276466719114
1766-08-01,-0.10316634916759297
1766-09-01,-0.13521556213231636
1766-10-01,-0.16501561127283715
1766-11-01,-0.1938132516092693
1766-12-01,-0.219042307278861
1767-01-01,-0.24177036797539683
1767-02-01,-0.26097541358821136
1767-03-01,-0.2752881322289341
1767-04-01,-0.28776926024334853
1767-05-01,-0.29647462671010505
1767-06-01,-0.3019779577307579
1767-07-01,-0.30391785171080976
1767-08-01,-0.302417003252701
1767-09-01,-0.2973465431799863
1767-10-01,-0.28903448288708045
1767-11-01,-0.2769200533582267
1767-12-01,-0.2617784827117992
1768-01-01,-0.24266956372647056
1768-02-01,-0.22041257940609998
1768-03-01,-0.1971387395099861
1768-04-01,-0.17006242608286315
1768-05-01,-0.14211073131449106
1768-06-01,-0.11185659518863536
1768-07-01,-0.08166961646079435
1768-08-01,-0.049973716184102235
1768-09-01,-0.018210426356232635
1768-10-01,0.012170095723585406
1768-11-01,0.04275683189234946
1768-12-01,0.0711587253272768
1769-01-01,0.09888906575923877
1769-02-01,0.12481121477516818
1769-03-01,0.14657820846390693
1769-04-01,0.16875212346692903
1769-05-01,0.18818324366684464
1769-06-01,0.2060588809217988
1769-07-01,0.22112229618601328
1769-08-01,0.23426962098858642
1769-09-01,0.2448492305705729
1769-10-01,0.25253814634590166
1769-11-01,0.257740866544412
1769-12-01,0.2600182596723541
1770-01-01,0.2595086269017699
1770-02-01,0.2564505587260848
1770-03-01,0.25187759948110156
1770-04-01,0.24523010235473766
1770-05-01,0.23762742684990174
1770-06-01,0.22900690349275565
1770-07-01,0.22034987014305285
1770-08-01,0.21152336680396383
1770-09-01,0.20326937080295354
1770-10-01,0.19625658329414256
1770-11-01,0.19046166067009437
1770-12-01,0.1866836439690722
1771-01-01,0.18499695329647423
1771-02-01,0.18542782240502978
1771-03-01,0.18742833359611966
1771-04-01,0.19119605319545957
1771-05-01,0.19616727874152237
1771-06-01,0.20242916625356994
1771-07-01,0.20934391263938093
1771-08-01,0.21712824197420022
1771-09-01,0.22531387635675193
1771-10-01,0.2333811741803793
1771-11-01,0.24162369628284838
1771-12-01,0.2492758566951365
1772-01-01,0.2566472744458401
1772-02-01,0.26344378355090214
1772-03-01,0.26929147544542387
1772-04-01,0.27500776341284666
1772-05-01,0.2800241292370304
1772-06-01,0.2846861340335828
1772-07-01,0.2887036636310604
1772-08-01,0.2923556900632906
1772-09-01,0.2955114277471209
1772-10-01,0.29810361192775814
1772-11-01,0.3003161916112403
1772-12-01,0.3020170800527735
1773-01-01,0.3033306915467866
1773-02-01,0.304203797765701
1773-03-01,0.30462272990986317
1773-04-01,0.30468716116886724
1773-05-01,0.30435970651201977
1773-06-01,0.30362900081020555
1773-07-01,0.30255220387906157
1773-08-01,0.301067994437853
1773-09-01,0.2992168119793254
1773-10-01,0.297086065487515
1773-11-01,0.2945441703776424
1773-12-01,0.2917651373948968
1774-01-01,0.28858109213339916
1774-02-01,0.28512471761605723
1774-03-01,0.2818122843342477
1774-04-01,0.27798217485956556
1774-05-01,0.2741604359981154
1774-06-01,0.27014321559520643
1774-07-01,0.26623844094558397
1774-08-01,0.2622367241753453
1774-09-01,0.25832053434227914
1774-10-01,0.2546613937681987
1774-11-01,0.2510662901842377
1774-12-01,0.2478159175419833
1775-01-01,0.24473192428546647
1775-02-01,0.24191617921007455
1775-03-01,0.23958418062090062
1775-04-01,0.2372148355986462
1775-05-01,0.23511339485791505
1775-06-01,0.233117167511605
1775-07-01,0.23133331412238936
1775-08-01,0.22962031629326662
1775-09-01,0.22801680690881293
1775-10-01,0.22654740524414105
1775-11-01,0.2250915563505524
1775-12-01,0.2237215576647385
1776-01-01,0.22232808551030406
1776-02-01,0.22095715164056268
1776-03-01,0.21969897712445602
1776-04-01,0.21838419810351775
1776-05-01,0.21714557581982324
1776-06-01,0.21590482920398513
1776-07-01,0.2147461165005755
1776-08-01,0.21359648394555938
1776-09-01,0.21249970146581165
1776-10-01,0.21149277461853172
1776-11-01,0.21051286869676003
1776-12-01,0.2096273135131933
1777-01-01,0.20878451748666899
1777-02-01,0.20803525488272914
1777-03-01,0.20745829437509233
1777-04-01,0.20695147885650664
1777-05-01,0.2066142968247083
1777-06-01,0.2064469682602518
1777-07-01,0.20648201635127233
1777-08-01,0.20674447641984567
1777-09-01,0.20725996000338048
1777-10-01,0.2080216937357056
1777-11-01,0.20910315864831708
1777-12-01,0.2104563106082489
1778-01-01,0.21219019706314834
1778-02-01,0.2142690419376168
1778-03-01,0.21644333455283926
1778-04-01,0.21917913553561005
1778-05-01,0.2221555522436548
1778-06-01,0.22557116124492038
1778-07-01,0.229205743091089
1778-08-01,0.23330175202598222
1778-09-01,0.23774376481614798
1778-10-01,0.24237207261502447
1778-11-01,0.24749537806328048
1778-12-01,0.2527832877482763
1779-01-01,0.25858146686038574
1779-02-01,0.2646843388605251
1779-03-01,0.2704236377089016
1779-04-01,0.27699061519981727
1779-05-01,0.28352043483399236
1779-06-01,0.29040762474796766
1779-07-01,0.2971688019456578
1779-08-01,0.30421391840117096
1779-09-01,0.31127709973789836
1779-10-01,0.31809015942481966
1779-11-01,0.3250665082686587
1779-12-01,0.3317170110843067
1780-01-01,0.33843096305506765
1780-02-01,0.3448764500233241
1780-03-01,0.35055535253011305
1780-04-01,0.3561358363013328
1780-05-01,0.36094211214654864
1780-06-01,0.3651762621669869
1780-07-01,0.3684518411763778
1780-08-01,0.3708688848202258
1780-09-01,0.3721820666198019
1780-10-01,0.37228734522316725
1780-11-01,0.37107340291542484
1780-12-01,0.3685052843379293
1781-01-01,0.36440944108884726
1781-02-01,0.3593056369584714
1781-03-01,0.35430716108978094
1781-04-01,0.3488718773672534
1781-05-01,0.3442340969522083
1781-06-01,0.34064368465045586
1781-07-01,0.33886741564394723
1781-08-01,0.3393459221657287
1781-09-01,0.34274456227838257
1781-10-01,0.3493549412539842
1781-11-01,0.36017680119105394
1781-12-01,0.3750470932561347
1782-01-01,0.39505952593708565
1782-02-01,0.4180868236782116
1782-03-01,0.43967553301443374
1782-04-01,0.46245730904902926
1782-05-01,0.481410153229894
1782-06-01,0.4956896569416128
1782-07-01,0.5023568013048175
1782-08-01,0.4997481310495824
1782-09-01,0.485343214431551
1782-10-01,0.45813144104104375
1782-11-01,0.41419076109122055
1782-12-01,0.3543382965841033
1783-01-01,0.27297394233644934
1783-02-01,0.17211213462576533
1783-03-01,0.06493654522774744
1783-04-01,-0.07076187584169383
1783-05-01,-0.21838283335738518
1783-06-01,-0.38696751485622005
1783-07-01,-0.5648735102091941
1783-08-01,-0.7631610094756867
1783-09-01,-0.9753233916131823
1783-10-01,-1.1930781660753855
1783-11-01,-1.4301421081956245
1783-12-01,-1.6704547910306105
1784-01-01,-1.9283935074846708
1784-02-01,-2.1910892502989774
1784-03-01,-2.4359327502254717
1784-04-01,-2.6911254663261897
1784-05-01,-2.926235048649621
1784-06-01,-3.1512103472910287
1784-07-01,-3.3460566083328827
1784-08-01,-3.518038460451673
1784-09-01,-3.65436075201724
1784-10-01,-3.746792458296451
1784-11-01,-3.795770570981624
1784-12-01,-3.792654993313691
1785-01-01,-3.7337668218088615
1785-02-01,-3.623710999419677
1785-03-01,-3.486682060460776
1785-04-01,-3.3003536690778166
1785-05-01,-3.0923617873506544
1785-06-01,-2.856277519598204
1785-07-01,-2.614451196301337
1785-08-01,-2.3581982923409877
1785-09-01,-2.103034480936751
1785-10-01,-1.864336040527365
1785-11-01,-1.6336269715195986
1785-12-01,-1.432910817378534
1786-01-01,-1.2544811425143765
1786-02-01,-1.1042786228629697
1786-03-01,-0.9904330087179317
1786-04-01,-0.885846647345771
1786-05-01,-0.8034291673296269
1786-06-01,-0.7348302236173192
1786-07-01,-0.6817418726652125
1786-08-01,-0.6377690446920622
1786-09-01,-0.601957132688768
1786-10-01,-0.5723070003389535
1786-11-01,-0.5439861257681938
1786-12-01,-0.5160879803269469
1787-01-01,-0.48447327346635494
1787-02-01,-0.44999630876482577
1787-03-01,-0.4168318285591026
1787-04-01,-0.37835606734409055
1787-05-01,-0.33984035898832116
1787-06-01,-0.299227363297122
1787-07-01,-0.2596258149817394
1787-08-01,-0.2189059845168596
1787-09-01,-0.1789099716866867
1787-10-01,-0.14138723364371908
1787-11-01,-0.10434662821413757
1787-12-01,-0.0706664133181163
1788-01-01,-0.03848680369489908
1788-02-01,-0.008870207830580222
1788-03-01,0.016714186416258953
1788-04-01,0.042007836271468695
1788-05-01,0.06467037302776948
1788-06-01,0.08643112557577108
1788-07-01,0.10609532102377839
1788-08-01,0.1251923988418482
1788-09-01,0.14326891833712715
1788-10-01,0.16000206178627616
1788-11-01,0.17672586519276146
1788-12-01,0.192570520125631
1789-01-01,0.20876011122165652
1789-02-01,0.22473279214829944
1789-03-01,0.2389068936720269
1789-04-01,0.25424621211000376
1789-05-01,0.2686643496562303
1789-06-01,0.2830448234679927
1789-07-01,0.29638549245995216
1789-08-01,0.3094980425524435
1789-09-01,0.32184778948991205
1789-10-01,0.3329976814705676
1789-11-01,0.34361335261399145
1789-12-01,0.3529355523295764
1790-01-01,0.361533419850658
1790-02-01,0.36912662186752
1790-03-01,0.3751815915875526
1790-04-01,0.3810623896383207
1790-05-01,0.38599597964559096
1790-06-01,0.3903816206523564
1790-07-01,0.394003711628043
1790-08-01,0.397174078346871
1790-09-01,0.3998341062136861
1790-10-01,0.40199049975799267
1790-11-01,0.40385737159191953
1790-12-01,0.4053816219218497
1791-01-01,0.4067252683055495
1791-02-01,0.4078556174090195
1791-03-01,0.4087037004655714
1791-04-01,0.4094628259976974
1791-05-01,0.4100289957961644
1791-06-01,0.4104521893494883
1791-07-01,0.4107168153135299
1791-08-01,0.4108527502545098
1791-09-01,0.41086135442006
1791-10-01,0.4107602853370822
1791-11-01,0.41055503990199577
1791-12-01,0.4102705712215267
1792-01-01,0.4098978224405864
1792-02-01,0.40944582207847857
1792-03-01,0.40895000284933714
1792-04-01,0.40834065767588995
1792-05-01,0.40767163411998136
1792-06-01,0.406896975695491
1792-07-01,0.40606536340879096
1792-08-01,0.40512000152504135
1792-09-01,0.4040858230117902
1792-10-01,0.4029991286257931
1792-11-01,0.4017861171589238
1792-12-01,0.4005237504589983
1793-01-01,0.39912289672655366
1793-02-01,0.397604641073638
1793-03-01,0.39611318388276756
1793-04-01,0.39430764784416217
1793-05-01,0.3923849362802138
1793-06-01,0.3901943788422511
1793-07-01,0.3878557742754888
1793-08-01,0.38519072603106813
1793-09-01,0.3822502557254979
1793-10-01,0.3791206367063186
1793-11-01,0.37557073812784364
1793-12-01,0.3718080581637079
1794-01-01,0.3675786009532764
1794-02-01,0.36307571313261167
1794-03-01,0.35885086587977766
1794-04-01,0.3540843132424576
1794-05-01,0.34946710236183376
1794-06-01,0.34478186481233064
1794-07-01,0.34041745062465
1794-08-01,0.3361733444860792
1794-09-01,0.33229131240685683
1794-10-01,0.3289667779317687
1794-11-01,0.3260685510622753
1794-12-01,0.3238701908174645
1795-01-01,0.322265155196098
1795-02-01,0.3211782544467483
1795-03-01,0.32046749638600847
1795-04-01,0.31978750192457156
1795-05-01,0.31904538455732356
1795-06-01,0.31798761515795115
1795-07-01,0.31648711112318906
1795-08-01,0.31423978421555576
1795-09-01,0.31107682839273676
1795-10-01,0.3069466304912603
1795-11-01,0.30136978934919756
1795-12-01,0.2945107753789407
1796-01-01,0.28576948438159705
1796-02-01,0.2754451280547895
1796-03-01,0.2644933551173801
1796-04-01,0.25155286360868456
1796-05-01,0.2379615428452118
1796-06-01,0.22296674817256146
1796-07-01,0.2076827652471878
1796-08-01,0.19124410527056357
1796-09-01,0.1743056159734659
1796-10-01,0.15758611907878217
1796-11-01,0.14012442485669807
1796-12-01,0.1231939737733086
1797-01-01,0.10582918542669713
1797-02-01,0.08880070450753058
1797-03-01,0.07388861575541301
1797-04-01,0.058096105465377065
1797-05-01,0.04372725966822012
1797-06-01,0.03003408626396986
1797-07-01,0.0181009665319182
1797-08-01,0.00734229010976652
1797-09-01,-0.001605025901073527
1797-10-01,-0.008335903452875363
1797-11-01,-0.013089136762587581
1797-12-01,-0.0153571148795982
1798-01-01,-0.01516252055056003
1798-02-01,-0.01258051380701441
1798-03-01,-0.008423259786720629
1798-04-01,-0.0020511434510885537
1798-05-01,0.005637260874528158
1798-06-01,0.014889000237533864
1798-07-01,0.02485303284597851
1798-08-01,0.035928114299455
1798-09-01,0.04752501334956055
1798-10-01,0.05898771043947898
1798-11-01,0.07081487213423467
1798-12-01,0.0819893003624099
1799-01-01,0.09303767820129152
1799-02-01,0.10354488399500157
1799-03-01,0.11257893766512456
1799-04-01,0.12208547635452047
1799-05-01,0.13079929755960865
1799-06-01,0.1393116467652217
1799-07-01,0.1470832225900251
1799-08-01,0.15464245416016564
1799-09-01,0.16173305445027714
1799-10-01,0.16815871733764032
1799-11-01,0.1743581444192392
1799-12-01,0.1799412550959338
1800-01-01,0.1852968066930395
1800-02-01,0.190273434797705
1800-03-01,0.19448265597428507
1800-04-01,0.1988706157290508
1800-05-01,0.20288833278685195
1800-06-01,0.206850336581994
1800-07-01,0.21054569869681497
1800-08-01,0.2142674582360882
1800-09-01,0.21793829678683854
1800-10-01,0.22148741339872177
1800-11-01,0.22519809747631542
1800-12-01,0.2288756347772831
1801-01-01,0.2327992871065363
1801-02-01,0.23683320336184044
1801-03-01,0.24054858120341016
1801-04-01,0.24471618223465338
1801-05-01,0.24877839872061497
1801-06-01,0.2529792102311138
1801-07-01,0.2570219097209985
1801-08-01,0.2611491756270161
1801-09-01,0.26519815373043143
1801-10-01,0.2690160099995232
1801-11-01,0.27283043332298534
1801-12-01,0.2763696449257981
1802-01-01,0.27984962966476273
1802-02-01,0.28315648284946915
1802-03-01,0.28600587206017375
1802-04-01,0.2890209626473031
1802-05-01,0.2918115745538722
1802-06-01,0.29457704610527585
1802-07-01,0.2971516884852006
1802-08-01,0.29972044205059845
1802-09-01,0.30220949746640285
1802-10-01,0.30455524609723533
1802-11-01,0.3069273687167751
1802-12-01,0.3091855538591513
1803-01-01,0.3114914400440763
1803-02-01,0.3137718306628469
1803-03-01,0.3158099855868534
1803-04-01,0.31804305225663326
1803-05-01,0.32018100542295524
1803-06-01,0.32236679800080265
1803-07-01,0.3244598157360763
1803-08-01,0.32660001584835596
1803-09-01,0.328717690469318
1803-10-01,0.3307460148060103
1803-11-01,0.332820633184774
1803-12-01,0.3348081038804832
1804-01-01,0.3368328412409543
1804-02-01,0.3387861581927598
1804-03-01,0.34050397025712253
1804-04-01,0.3421752984637413
1804-05-01,0.3435837921439394
1804-06-01,0.34477409831431893
1804-07-01,0.3456222773431053
1804-08-01,0.34613562193680647
1804-09-01,0.34622984690509356
1804-10-01,0.3458743108806617
1804-11-01,0.34499605889980434
1804-12-01,0.3436046066953426
1805-01-01,0.34159550934819155
1805-02-01,0.3391429633399564
1805-03-01,0.33669202346972804
1805-04-01,0.3338784852421739
1805-05-01,0.33121494907936166
1805-06-01,0.32869399931870014
1805-07-01,0.32664115264277044
1805-08-01,0.3250897060214404
1805-09-01,0.32429037193958166
1805-10-01,0.3243975987380963
1805-11-01,0.32558868828514864
1805-12-01,0.32794967085637
1806-01-01,0.33168983422681353
1806-02-01,0.33633535753164284
1806-03-01,0.34086467610821647
1806-04-01,0.34575588543226643
1806-05-01,0.3498785858227302
1806-06-01,0.3529871423713116
1806-07-01,0.35438278608234025
1806-08-01,0.35363807826889093
1806-09-01,0.3501416330109271
1806-10-01,0.34363426387402674
1806-11-01,0.33316166464806923
1806-12-01,0.3189012699357414
1807-01-01,0.2997867598825447
1807-02-01,0.27771032047056726
1807-03-01,0.25680019151039574
1807-04-01,0.23432018077004052
1807-05-01,0.21496229646575987
1807-06-01,0.19927978187544557
1807-07-01,0.19004931013256207
1807-08-01,0.18849928535242733
1807-09-01,0.1969423374845225
1807-10-01,0.21641206582254885
1807-11-01,0.2500502211538851
1807-12-01,0.2974514979073733
1808-01-01,0.3621360395163739
1808-02-01,0.4372609981296909
1808-03-01,0.5107831039313947
1808-04-01,0.5862073449167261
1808-05-01,0.6496240803251095
1808-06-01,0.6984403621597259
1808-07-01,0.722977792898412
1808-08-01,0.7180514708997017
1808-09-01,0.6754145154244457
1808-10-01,0.5916466928902222
1808-11-01,0.454342751437372
1808-12-01,0.2658320498848582
1809-01-01,0.009867269506993117
1809-02-01,-0.2995507682253374
1809-03-01,-0.6151235082547162
1809-04-01,-0.9935729384696759
1809-05-01,-1.3781100226205143
1809-06-01,-1.7828498573220182
1809-07-01,-2.1706523075313515
1809-08-01,-2.555850160933865
1809-09-01,-2.9135524838965616
1809-10-01,-3.2223875417917474
1809-11-01,-3.49142362948383
1809-12-01,-3.692275692382195
1810-01-01,-3.8299718462985917
1810-02-01,-3.900704006040366
1810-03-01,-3.912952583646038
1810-04-01,-3.875894840689431
1810-05-01,-3.7958694679034055
1810-06-01,-3.6744666763080827
1810-07-01,-3.5261478991382194
1810-08-01,-3.347950453788345
1810-09-01,-3.1514482981065615
1810-10-01,-2.950558240482929
1810-11-01,-2.7388128462817285
1810-12-01,-2.536502103744545
1811-01-01,-2.3358556218865614
1811-02-01,-2.144772278906812
1811-03-01,-1.9802889744205667
1811-04-01,-1.8070357069846006
1811-05-01,-1.6481070705896461
1811-06-01,-1.4927772153428558
1811-07-01,-1.350942401756786
1811-08-01,-1.213016368125846
1811-09-01,-1.08373577671958
1811-10-01,-0.9667307451731563
1811-11-01,-0.8540703305836272
1811-12-01,-0.752897926324372
1812-01-01,-0.6563299070417403
1812-02-01,-0.5676958844213275
1812-03-01,-0.4918004813538129
1812-04-01,-0.41800175891969465
1812-05-01,-0.35362731700199296
1812-06-01,-0.29420708564936965
1812-07-01,-0.24340382083333706
1812-08-01,-0.19765219774266846
1812-09-01,-0.15857486793947423
1812-10-01,-0.12694022900630217
1812-11-01,-0.10046086452411655
1812-12-01,-0.0806743132469818
1813-01-01,-0.0658408216123639
1813-02-01,-0.055323507988126665
1813-03-01,-0.048172534680191934
1813-04-01,-0.04134838418287122
1813-05-01,-0.03434672901315568
1813-06-01,-0.0251079077801971
1813-07-01,-0.012703227900102455
1813-08-01,0.005287173665335015
1813-09-01,0.030153595519354273
1813-10-01,0.0623062629087993
1813-11-01,0.1054815713725003
1813-12-01,0.1584187627052701
1814-01-01,0.22501429834365824
1814-02-01,0.2992098284746211
1814-03-01,0.3680022827405747
1814-04-01,0.4408681927527015
1814-05-01,0.502875564164118
1814-06-01,0.5525940890426314
1814-07-01,0.5814900048253344
1814-08-01,0.5859255732047868
1814-09-01,0.5588654695856219
1814-10-01,0.49730555319747916
1814-11-01,0.39157769692152844
1814-12-01,0.2431769369790215
1815-01-01,0.03881785629017647
1815-02-01,-0.21221956748252988
1815-03-01,-0.47299885185258994
1815-04-01,-0.7926640566707887
1815-05-01,-1.1263136827157887
1815-06-01,-1.4890706518248389
1815-07-01,-1.850715490771935
1815-08-01,-2.2282374689211317
1815-09-01,-2.602407304933109
1815-10-01,-2.9544247637566627
1815-11-01,-3.3006372894142793
1815-12-01,-3.6118927921284336
1816-01-01,-3.902855333943278
1816-02-01,-4.160563317407767
1816-03-01,-4.370554974757569
1816-04-01,-4.560742360336138
1816-05-01,-4.710037259208953
1816-06-01,-4.827311057308828
1816-07-01,-4.9039623637351175
1816-08-01,-4.944019658257535
1816-09-01,-4.943186770941249
1816-10-01,-4.90240113472985
1816-11-01,-4.817862099883872
1816-12-01,-4.693988458273369
1817-01-01,-4.522714415683102
1817-02-01,-4.312709782926675
1817-03-01,-4.095172565782531
1817-04-01,-3.8295040322754366
1817-05-01,-3.553520911909447
1817-06-01,-3.2551828908491367
1817-07-01,-2.959824144063304
1817-08-01,-2.654112649288537
1817-09-01,-2.3543481786847
1817-10-01,-2.0760693348247434
1817-11-01,-1.8070827556403144
1817-12-01,-1.5708289746888613
1818-01-01,-1.3563832134617821
1818-02-01,-1.1709297025704304
1818-03-01,-1.0261256337311946
1818-04-01,-0.8884868844991199
1818-05-01,-0.7755518043436678
1818-06-01,-0.6771971018130185
1818-07-01,-0.597284931251655
1818-08-01,-0.5278935285140302
1818-09-01,-0.46926595668670623
1818-10-01,-0.42026759810497866
1818-11-01,-0.3750376094219429
1818-12-01,-0.3340107440886873
1819-01-01,-0.292334430675439
1819-02-01,-0.251127566469808
1819-03-01,-0.2144746288746827
1819-04-01,-0.17470150920732985
1819-05-01,-0.1371969415412281
1819-06-01,-0.09965095612944905
1819-07-01,-0.06466806742566822
1819-08-01,-0.03010641761377844
1819-09-01,0.002648420121684418
1819-10-01,0.032442129500867674
1819-11-01,0.06107062305157197
1819-12-01,0.086504708375675
1820-01-01,0.11028593870505055
1820-02-01,0.13151287854537672
1820-03-01,0.14907753037873958
1820-04-01,0.16542356611639408
1820-05-01,0.17887192867005858
1820-06-01,0.1903407203952597
1820-07-01,0.1991106424730579
1820-08-01,0.20578790122725527
1820-09-01,0.2100629657048977
1820-10-01,0.211933765822975
1820-11-01,0.21154656644130804
1820-12-01,0.2089469713930132
1821-01-01,0.20405732955442502
1821-02-01,0.1973194078138881
1821-03-01,0.1900331873740821
1821-04-01,0.18106721711212456
1821-05-01,0.17191623456864072
1821-06-01,0.16242450509225098
1821-07-01,0.15363929426791484
1821-08-01,0.14542925222552924
1821-09-01,0.13856322788224926
1821-10-01,0.13363804707823718
1821-11-01,0.13077969527807837
1821-12-01,0.1306074782166527
1822-01-01,0.13333996160922573
1822-02-01,0.1383746338634285
1822-03-01,0.1441697909344563
1822-04-01,0.1511578540712892
1822-05-01,0.15769196250374226
1822-06-01,0.16335229177167665
1822-07-01,0.16695482045286755
1822-08-01,0.16788428543709197
1822-09-01,0.16510535796444545
1822-10-01,0.15805735263838994
1822-11-01,0.14541497074821946
1822-12-01,0.1271750109464255
1823-01-01,0.10165138432467671
1823-02-01,0.07039358065375785
1823-03-01,0.038424152396178725
1823-04-01,0.00021230418042861602
1823-05-01,-0.03827972252709519
1823-06-01,-0.07822320457555504
1823-07-01,-0.11570595270847399
1823-08-01,-0.15183195853670745
1823-09-01,-0.18389134827573472
1823-10-01,-0.2096947411472503
1823-11-01,-0.22956750507801602
1823-12-01,-0.2408923358514061
1824-01-01,-0.24345565478853787
1824-02-01,-0.2374368889259441
1824-03-01,-0.2250332319328481
1824-04-01,-0.20559876217268036
1824-05-01,-0.1817516632807007
1824-06-01,-0.15299670260419249
1824-07-01,-0.12223679024866123
1824-08-01,-0.0885158393304868
1824-09-01,-0.05393996511618082
1824-10-01,-0.02072470593721238
1824-11-01,0.01224971487826777
1824-12-01,0.0418081639899818
1825-01-01,0.06906687698059602
1825-02-01,0.09307149446783283
1825-03-01,0.11221968839959724
1825-04-01,0.130906451110684
1825-05-01,0.1467647409922821
1825-06-01,0.16116018152270972
1825-07-01,0.17345924615209285
1825-08-01,0.1847902766752687
1825-09-01,0.19503417401800005
1825-10-01,0.20421098310313038
1825-11-01,0.21324089535588014
1825-12-01,0.2218365473410641
1826-01-01,0.23081361504750617
1826-02-01,0.23987281241495523
1826-03-01,0.24806122289088414
1826-04-01,0.25706189302016924
1826-05-01,0.26563625747078207
1826-06-01,0.2742802548004622
1826-07-01,0.282363759631915
1826-08-01,0.29034998654826955
1826-09-01,0.2978865469640155
1826-10-01,0.30467860586239925
1826-11-01,0.3111032814310116
1826-12-01,0.3166736303416593
1827-01-01,0.32171663521298666
1827-02-01,0.3261140478786721
1827-03-01,0.3296225914194527
1827-04-01,0.333095496721643
1827-05-01,0.3361449224706202
1827-06-01,0.33908133085679754
1827-07-01,0.3418178590297038
1827-08-01,0.3446441093413471
1827-09-01,0.3475777636489606
1827-10-01,0.35062275699239503
1827-11-01,0.3540892560683606
1827-12-01,0.3578561986270452
1828-01-01,0.36221214643458427
1828-02-01,0.3668005249065045
1828-03-01,0.3710301950228951
1828-04-01,0.3751926196892241
1828-05-01,0.3785835404445968
1828-06-01,0.3811289515397401
1828-07-01,0.38237740174236134
1828-08-01,0.38211205393300374
1828-09-01,0.37996080826454404
1828-10-01,0.375792944116362
1828-11-01,0.3690305367456142
1828-12-01,0.3598226393371622
1829-01-01,0.3475175490349853
1829-02-01,0.3333782892354047
1829-03-01,0.3200830935690782
1829-04-01,0.3059479897798018
1829-05-01,0.2940064375238187
1829-06-01,0.2846935894650002
1829-07-01,0.27978886121547103
1829-08-01,0.2801965270395328
1829-09-01,0.2874212871602571
1829-10-01,0.3020953104807472
1829-11-01,0.3264281213699728
1829-12-01,0.3600284477659911
1830-01-01,0.4053524550819216
1830-02-01,0.45764648248624124
1830-03-01,0.5068567429971472
1830-04-01,0.5590842924050202
1830-05-01,0.6029735850936786
1830-06-01,0.6367538266044463
1830-07-01,0.6537498119655477
1830-08-01,0.6503978595631362
1830-09-01,0.6210148332158862
1830-10-01,0.5632493575075244
1830-11-01,0.46855365341957345
1830-12-01,0.3385412866640459
1831-01-01,0.16202129351104425
1831-02-01,-0.05130695273401062
1831-03-01,-0.2687956322133736
1831-04-01,-0.5294850451206927
1831-05-01,-0.7941899187847836
1831-06-01,-1.0725626106414705
1831-07-01,-1.3389909444955592
1831-08-01,-1.603242175128873
1831-09-01,-1.8481283848915249
1831-10-01,-2.058940217597824
1831-11-01,-2.241737161286409
1831-12-01,-2.3770732170632534
1832-01-01,-2.468210087566351
1832-02-01,-2.512845389735135
1832-03-01,-2.5170999298412697
1832-04-01,-2.4864747132421225
1832-05-01,-2.427013323339964
1832-06-01,-2.3398026445088678
1832-07-01,-2.235304083554004
1832-08-01,-2.111602046779265
1832-09-01,-1.9770558914459904
1832-10-01,-1.8414129317173935
1832-11-01,-1.7006812806457867
1832-12-01,-1.568775310987338
1833-01-01,-1.440911762283046
1833-02-01,-1.3215741556505445
1833-03-01,-1.2202373201457106
1833-04-01,-1.1142160761391295
1833-05-01,-1.0168314683706745
1833-06-01,-0.920565870439148
1833-07-01,-0.8306485069441282
1833-08-01,-0.7400595677693144
1833-09-01,-0.6507922963700951
1833-10-01,-0.5646707737290204
1833-11-01,-0.4749282457867193
1833-12-01,-0.386373093917658
1834-01-01,-0.2927729987206903
1834-02-01,-0.1994753197732654
1834-03-01,-0.11806707511258636
1834-04-01,-0.03398298003639895
1834-05-01,0.03849005420570689
1834-06-01,0.10114046505095756
1834-07-01,0.14701336693695366
1834-08-01,0.17612385514384743
1834-09-01,0.18354998708142808
1834-10-01,0.16714523724702468
1834-11-01,0.12277285747276268
1834-12-01,0.0503826583652436
1835-01-01,-0.05636911914028439
1835-02-01,-0.19108444435612812
1835-03-01,-0.3317860803695578
1835-04-01,-0.5030753910185131
1835-05-01,-0.6788698892829149
1835-06-01,-0.8650246295546852
1835-07-01,-1.0439159188449807
1835-08-01,-1.221605264280783
1835-09-01,-1.38605144462305
1835-10-01,-1.5269082535198433
1835-11-01,-1.6477015660719105
1835-12-01,-1.7350245555949064
1836-01-01,-1.7904404962445146
1836-02-01,-1.81251238699771
1836-03-01,-1.8061736959613672
1836-04-01,-1.7739708234117093
1836-05-01,-1.7211183822113296
1836-06-01,-1.64760880711599
1836-07-01,-1.561550181225004
1836-08-01,-1.4607211936480935
1836-09-01,-1.351368923789208
1836-10-01,-1.2408313602309478
1836-11-01,-1.125255262905216
1836-12-01,-1.01546268408748
1837-01-01,-0.9070347069346842
1837-02-01,-0.8042203950431882
1837-03-01,-0.7161146742105343
1837-04-01,-0.6237644032165962
1837-05-01,-0.5395187936406612
1837-06-01,-0.4576839562642379
1837-07-01,-0.3834653586376777
1837-08-01,-0.31183757900578113
1837-09-01,-0.24527881367112153
1837-10-01,-0.1856184673040558
1837-11-01,-0.12880166823335065
1837-12-01,-0.0784198170218917
1838-01-01,-0.030999713524177085
1838-02-01,0.011965818157276757
1838-03-01,0.04719497527600752
1838-04-01,0.08251406893329821
1838-05-01,0.11328148224183662
1838-06-01,0.14184134785849356
1838-07-01,0.16663153312465684
1838-08-01,0.1895976888277055
1838-09-01,0.21016780137098665
1838-10-01,0.22807653073604867
1838-11-01,0.2448107639835306
1838-12-01,0.2595713124786379
1839-01-01,0.27359382004093863
1839-02-01,0.28645773359240323
1839-03-01,0.29712485488637197
1839-04-01,0.3079296422344369
1839-05-01,0.31742823103436796
1839-06-01,0.32630527386367875
1839-07-01,0.3340372722982567
1839-08-01,0.34119110622459153
1839-09-01,0.3475475952846464
1839-10-01,0.35298961262564177
1839-11-01,0.3579313727278287
1839-12-01,0.3621032663752962
1840-01-01,0.36583108558683586
1840-02-01,0.36899978746677453
1840-03-01,0.37148475947835136
1840-04-01,0.3736574851821767
1840-05-01,0.37531225447776895
1840-06-01,0.3765889138946886
1840-07-01,0.3774333637419084
1840-08-01,0.3779314292524302
1840-09-01,0.37807883486980676
1840-10-01,0.37791618658478765
1840-11-01,0.3774621697548928
1840-12-01,0.3767743412211471
1841-01-01,0.375834005274535
1841-02-01,0.3746785321683123
1841-03-01,0.3734633764014505
1841-04-01,0.37194299682815357
1841-05-01,0.37031122992646565
1841-06-01,0.368474985152712
1841-07-01,0.3665677524894474
1841-08-01,0.3644780770088921
1841-09-01,0.36228353566469546
1841-10-01,0.3600751273680799
1841-11-01,0.357721318815709
1841-12-01,0.3553889912016612
1842-01-01,0.35293818056867643
1842-02-01,0.35046107046172326
1842-03-01,0.34821364280106565
1842-04-01,0.34572821948942073
1842-05-01,0.3433395392961071
1842-06-01,0.3409030617356454
1842-07-01,0.33859005473964504
1842-08-01,0.3362610227024476
1842-09-01,0.3340090130139415
1842-10-01,0.3319172148445675
1842-11-01,0.32986087984377566
1842-12-01,0.327986750616745
1843-01-01,0.3261772865867275
1843-02-01,0.3244755911357427
1843-03-01,0.323007322327769
1843-04-01,0.32143140929002795
1843-05-01,0.3199298672585655
1843-06-01,0.3183746477401162
1843-07-01,0.3168393372194299
1843-08-01,0.315193635970626
1843-09-01,0.3134593464772383
1843-10-01,0.31166960978063984
1843-11-01,0.30967716440988957
1843-12-01,0.3075838049692406
1844-01-01,0.30524188805025726
1844-02-01,0.30278883001022555
1844-03-01,0.30047353649340913
1844-04-01,0.2980623017017594
1844-05-01,0.2958748925337863
1844-06-01,0.293853511000779
1844-07-01,0.29221283247492064
1844-08-01,0.2909315076769751
1844-09-01,0.2901604858737556
1844-10-01,0.28998540179685006
1844-11-01,0.29048261246361945
1844-12-01,0.2917043034269062
1845-01-01,0.2937500701717817
1845-02-01,0.29633325013684486
1845-03-01,0.29885484040475574
1845-04-01,0.30155235308120937
1845-05-01,0.3037689220786314
1845-06-01,0.3053322669735747
1845-07-01,0.3058351659658254
1845-08-01,0.3049910939649251
1845-09-01,0.30243563293229153
1845-10-01,0.29802340837866936
1845-11-01,0.2911402203105421
1845-12-01,0.2819237845382163
1846-01-01,0.2695882861270277
1846-02-01,0.2548104371825111
1846-03-01,0.23983188430579497
1846-04-01,0.2219615609931644
1846-05-01,0.20389321193690368
1846-06-01,0.18497040002705467
1846-07-01,0.16693862442542176
1846-08-01,0.14914388625235522
1846-09-01,0.132758089042616
1846-10-01,0.11877280361661613
1846-11-01,0.10680379710641486
1846-12-01,0.0981479360673876
1847-01-01,0.09262277903142696
1847-02-01,0.090365011409553
1847-03-01,0.09083646155813677
1847-04-01,0.09380859486908687
1847-05-01,0.0988102871316989
1847-06-01,0.10582668154026158
1847-07-01,0.11407170388630267
1847-08-01,0.12374671936967273
1847-09-01,0.13424181810484076
1847-10-01,0.14484212637696148
1847-11-01,0.1559060284476241
1847-12-01,0.1663863205817693
1848-01-01,0.17669781180873625
1848-02-01,0.18644972510942653
1848-03-01,0.19509131137686067
1848-04-01,0.2038416850033705
1848-05-01,0.21185690165146207
1848-06-01,0.21969923697813354
1848-07-01,0.22688946707509092
1848-08-01,0.23393486849592335
1848-09-01,0.2406178492905535
1848-10-01,0.24676720433202867
1848-11-01,0.2528208185035727
1848-12-01,0.2584148692617383
1849-01-01,0.26394608818837645
1849-02-01,0.26923170842634675
1849-03-01,0.27379796052217253
1849-04-01,0.2786269151028047
1849-05-01,0.28307698439235446
1849-06-01,0.2874486317770469
1849-07-01,0.2914634453757155
1849-08-01,0.29539287152852683
1849-09-01,0.2991033436999516
1849-10-01,0.3024893196413603
1849-11-01,0.30578032318243525
1849-12-01,0.3087676613996627
1850-01-01,0.31165359013780153
1850-02-01,0.3143356415096554
1850-03-01,0.31658268908918746
1850-04-01,0.3188760067099291
1850-05-01,0.3209005210885828
1850-06-01,0.3227909500454943
1850-07-01,0.32442509130315944
1850-08-01,0.32591163780719123
1850-09-01,0.32719255172278433
1850-10-01,0.32823611447463164
1850-11-01,0.32911164710795865
1850-12-01,0.3297624245274276
1851-01-01,0.3302429919020113
1851-02-01,0.3305851188230749
1851-03-01,0.3308318744150829
1851-04-01,0.3310989433683094
1851-05-01,0.331413413686045
1851-06-01,0.33186263070718003
1851-07-01,0.3324811537744398
1851-08-01,0.3333765984100162
1851-09-01,0.33460001774386283
1851-10-01,0.3361604868748336
1851-11-01,0.33822841772936746
1851-12-01,0.3407339364996481
1852-01-01,0.34385387116240296
1852-02-01,0.347298867904453
1852-03-01,0.3505755410058046
1852-04-01,0.3538789229857864
1852-05-01,0.3566296889932476
1852-06-01,0.3587471486192665
1852-07-01,0.35984191308372343
1852-08-01,0.35972289187482953
1852-09-01,0.35806469258137386
1852-10-01,0.3547389247738321
1852-11-01,0.34925979578894906
1852-12-01,0.3417280193376308
1853-01-01,0.3314811318759625
1853-02-01,0.3189783424137535
1853-03-01,0.3060385116897116
1853-04-01,0.29021211258997465
1853-05-01,0.2737151407444231
1853-06-01,0.2557894787374195
1853-07-01,0.23791868552425444
1853-08-01,0.2192530555981164
1853-09-01,0.20073229944730575
1853-10-01,0.18327758492290636
1853-11-01,0.1660669450973576
1853-12-01,0.1505378084626304
1854-01-01,0.13594664317841518
1854-02-01,0.12293336638484248
1854-03-01,0.11257845214346107
1854-04-01,0.10271035866704262
1854-05-01,0.09480460711018342
1854-06-01,0.08838420979886073
1854-07-01,0.08391130682373019
1854-08-01,0.08113776708288431
1854-09-01,0.08029387309045144
1854-10-01,0.08136292876841142
1854-11-01,0.08446626692506279
1854-12-01,0.0894515931047402
1855-01-01,0.09664526332125735
1855-02-01,0.10568607286783112
1855-03-01,0.11520261541600546
1855-04-01,0.1269717510230422
1855-05-01,0.13933524932652802
1855-06-01,0.15284002084879222
1855-07-01,0.1663493303425094
1855-08-01,0.18048647574269075
1855-09-01,0.19452218801681367
1855-10-01,0.2077401807280945
1855-11-01,0.22074433069271557
1855-12-01,0.2324302008283607
1856-01-01,0.24332200608152163
1856-02-01,0.2528409749557104
1856-03-01,0.2603700540806885
1856-04-01,0.2668056455503505
1856-05-01,0.2713086511327444
1856-06-01,0.2740332239585219
1856-07-01,0.27466378535683506
1856-08-01,0.27309632551272994
1856-09-01,0.2691250065501563
1856-10-01,0.26285166454891346
1856-11-01,0.2537120294674108
1856-12-01,0.2421559554030116
1857-01-01,0.22740421978794498
1857-02-01,0.2103314089237969
1857-03-01,0.193475858231615
1857-04-01,0.17384573746011917
1857-05-01,0.15449321760208937
1857-06-01,0.1347834700841412
1857-07-01,0.1166153974841588
1857-08-01,0.09943313437929459
1857-09-01,0.0845344545957527
1857-10-01,0.072924852304667
1857-11-01,0.06448569343711627
1857-12-01,0.060388745819346
1858-01-01,0.060808317898469064
1858-02-01,0.06558723992801788
1858-03-01,0.07317311975257636
1858-04-01,0.08466282001968883
1858-05-01,0.09835152780176175
1858-06-01,0.11459307236344339
1858-07-01,0.13180476256756796
1858-08-01,0.15057529317358717
1858-09-01,0.16977917952940802
1858-10-01,0.18823547105450306
1858-11-01,0.20661583592972202
1858-12-01,0.2231995946105741
1859-01-01,0.2386453540574248
1859-02-01,0.25236173246181526
1859-03-01,0.2633445990817464
1859-04-01,0.2740363505751935
1859-05-01,0.28300253874116194
1859-06-01,0.29093489221512653
1859-07-01,0.29741160871427835
1859-08-01,0.3029584520963039
1859-09-01,0.30743627225898507
1859-10-01,0.3108427451729233
1859-11-01,0.31349895179012427
1859-12-01,0.3153234863991833
1860-01-01,0.3165566702924644
1860-02-01,0.317345627325488
1860-03-01,0.3178983568794516
1860-04-01,0.31852288627558595
1860-05-01,0.3193859510769935
1860-06-01,0.32078333042660667
1860-07-01,0.3228529210516419
1860-08-01,0.32597093714993985
1860-09-01,0.33032659583402846
1860-10-01,0.33595070626841
1860-11-01,0.3434564506382153
1860-12-01,0.3525876376048417
1861-01-01,0.3639353474428864
1861-02-01,0.3761933611955305
1861-03-01,0.38697397440329007
1861-04-01,0.39739872667278464
1861-05-01,0.4047994160198034
1861-06-01,0.40841323017976283
1861-07-01,0.40680456440199625
1861-08-01,0.398609982746935
1861-09-01,0.38249923576690026
1861-10-01,0.3581552772764107
1861-11-01,0.3226989851550493
1861-12-01,0.2772154066702991
1862-01-01,0.21806649032523565
1862-02-01,0.14853363419737403
1862-03-01,0.0789768690970464
1862-04-01,-0.0031037545039737345
1862-05-01,-0.08523108784922119
1862-06-01,-0.17033842931593096
1862-07-01,-0.250501858522315
1862-08-01,-0.32852374690301744
1862-09-01,-0.3990695408029999
1862-10-01,-0.45776156442479765
1862-11-01,-0.5059707621640829
1862-12-01,-0.5381537390408365
1863-01-01,-0.5546723842509161
1863-02-01,-0.5553746694496057
1863-03-01,-0.5440262438929012
1863-04-01,-0.5199797408796583
1863-05-01,-0.48698605542442885
1863-06-01,-0.4447315351271732
1863-07-01,-0.3977475304210735
1863-08-01,-0.34478770095603123
1863-09-01,-0.2892627336617639
1863-10-01,-0.23491163175622504
1863-11-01,-0.17999691507602017
1863-12-01,-0.1298667209177478
1864-01-01,-0.08268565103476685
1864-02-01,-0.04022695377073733
1864-03-01,-0.004483140045037344
1864-04-01,0.02979621642766084
1864-05-01,0.059415236579746726
1864-06-01,0.0866776820841736
1864-07-01,0.11013976532757139
1864-08-01,0.13169478552231406
1864-09-01,0.15085114548822912
1864-10-01,0.16742425658639865
1864-11-01,0.1828481532195149
1864-12-01,0.1964428251207439
1865-01-01,0.20939831648849438
1865-02-01,0.22135172760015948
1865-03-01,0.23134163611430972
1865-04-01,0.24156917395759409
1865-05-01,0.25069341632448633
1865-06-01,0.2593865205816673
1865-07-01,0.2671487834742081
1865-08-01,0.2745615637371664
1865-09-01,0.2814210700428409
1865-10-01,0.2875943255242442
1865-11-01,0.2935567550890245
1865-12-01,0.2989848280430532
1866-01-01,0.30429213109145103
1866-02-01,0.30929710663739035
1866-03-01,0.31355177665892064
1866-04-01,0.3179611068908928
1866-05-01,0.3219201607662147
1866-06-01,0.32568574208337153
1866-07-01,0.32900808211943156
1866-08-01,0.33210153708359574
1866-09-01,0.3348425445443064
1866-10-01,0.33715265241644193
1866-11-01,0.33917873476494154
1866-12-01,0.3407832486067869
1867-01-01,0.3420737143759366
1867-02-01,0.34302167695771335
1867-03-01,0.34361577522087483
1867-04-01,0.344019035455322
1867-05-01,0.3441899986868923
1867-06-01,0.34417781348919396
1867-07-01,0.344019402153314
1867-08-01,0.3437419549483636
1867-09-01,0.34338725730218345
1867-10-01,0.34300698205600794
1867-11-01,0.34261352855159516
1867-12-01,0.3422684170353043
1868-01-01,0.34198338025864733
1868-02-01,0.3417944604137449
1868-03-01,0.341723100542828
1868-04-01,0.341779080123089
1868-05-01,0.34198247507270185
1868-06-01,0.34236701353253135
1868-07-01,0.3429271923003069
1868-08-01,0.3437205251047706
1868-09-01,0.3447523545173736
1868-10-01,0.3459974975291289
1868-11-01,0.3475591321517108
1868-12-01,0.3493558134949289
1869-01-01,0.3515130535568771
1869-02-01,0.35392445153818775
1869-03-01,0.3562661360408415
1869-04-01,0.35897921793508375
1869-05-01,0.3616653123005357
1869-06-01,0.364439362401146
1869-07-01,0.36706101084475307
1869-08-01,0.369640904500516
1869-09-01,0.3720243569872817
1869-10-01,0.3740818247582224
1869-11-01,0.37588634263765264
1869-12-01,0.3772601036992934
1870-01-01,0.3782502919723635
1870-02-01,0.3788372204776968
1870-03-01,0.379064398677515
1870-04-01,0.3790288450288601
1870-05-01,0.3787550354128242
1870-06-01,0.37827580240276865
1870-07-01,0.37767096547598833
1870-08-01,0.3769512887184615
1870-09-01,0.3761873052850396
1870-10-01,0.37545521921625075
1870-11-01,0.3747573113219394
1870-12-01,0.374187509136449
1871-01-01,0.3737592529701047
1871-02-01,0.3735477893465427
1871-03-01,0.37358848709048625
1871-04-01,0.3739402864061031
1871-05-01,0.37463733458495035
1871-06-01,0.37577917692590324
1871-07-01,0.37734295119426414
1871-08-01,0.3794859844282087
1871-09-01,0.38221873785509175
1871-10-01,0.38547619342679296
1871-11-01,0.3895285902683776
1871-12-01,0.3941652884354299
1872-01-01,0.3996643447587958
1872-02-01,0.40551747165312596
1872-03-01,0.4109146635416863
1872-04-01,0.41617399686980067
1872-05-01,0.420346945436658
1872-06-01,0.42327347252936776
1872-07-01,0.4243452829689618
1872-08-01,0.423195597500732
1872-09-01,0.4193062680193472
1872-10-01,0.4125097980465502
1872-11-01,0.4019148563001402
1872-12-01,0.3877855004294793
1873-01-01,0.36896898430167147
1873-02-01,0.34655524372849905
1873-03-01,0.32397928213741023
1873-04-01,0.29724548462564726
1873-05-01,0.2704673238814233
1873-06-01,0.2427495732840669
1873-07-01,0.21673238805480227
1873-08-01,0.1915712732739555
1873-09-01,0.16906629343087232
1873-10-01,0.1506775498542898
1873-11-01,0.13606911040137964
1873-12-01,0.1270353682840466
1874-01-01,0.12357898114323686
1874-02-01,0.12558130472714993
1874-03-01,0.13141957847195537
1874-04-01,0.14161176096732375
1874-05-01,0.1544802304024867
1874-06-01,0.17010809046625738
1874-07-01,0.18674544122228467
1874-08-01,0.20472664511410602
1874-09-01,0.22272256689496311
1874-10-01,0.2394021875508226
1874-11-01,0.25510268751854415
1874-12-01,0.2680694804163603
1875-01-01,0.27857742212512493
1875-02-01,0.2862823461322777
1875-03-01,0.29109450084296506
1875-04-01,0.29433526878769606
1875-05-01,0.29567051892409946
1875-06-01,0.2954959796033174
1875-07-01,0.2941165028971646
1875-08-01,0.29174683536727924
1875-09-01,0.2887292204821199
1875-10-01,0.2854888335776778
1875-11-01,0.2821163605357051
1875-12-01,0.2791229717326096
1876-01-01,0.2765600682162646
1876-02-01,0.27457001930361635
1876-03-01,0.2732098023404321
1876-04-01,0.27227344965396394
1876-05-01,0.2718587675473788
1876-06-01,0.2719192481216497
1876-07-01,0.27243293385692724
1876-08-01,0.2734152080436421
1876-09-01,0.2748371772539159
1876-10-01,0.2766136707571669
1876-11-01,0.27884425902835747
1876-12-01,0.2813669775994498
1877-01-01,0.28432352163489943
1877-02-01,0.28757836896447914
1877-03-01,0.29072046103398813
1877-04-01,0.29436313148478616
1877-05-01,0.29799297384874945
1877-06-01,0.30178859498904587
1877-07-01,0.3054444448132466
1877-08-01,0.3091408640152022
1877-09-01,0.3126902365864938
1877-10-01,0.315923767263314
1877-11-01,0.31899364212968806
1877-12-01,0.32164113343344
1878-01-01,0.3239966804877641
1878-02-01,0.32598770783522346
1878-03-01,0.3275050272732771
1878-04-01,0.32890952236842613
1878-05-01,0.3300285321769768
1878-06-01,0.3309744339198733
1878-07-01,0.3317223622771043
1878-08-01,0.33235995570619215
1878-09-01,0.33289846164358644
1878-10-01,0.33336180989980374
1878-11-01,0.3338186669256324
1878-12-01,0.3342757186731298
1879-01-01,0.3347872104721672
1879-02-01,0.3353071685863705
1879-03-01,0.3357464922501346
1879-04-01,0.33615770153590463
1879-05-01,0.33643923936499287
1879-06-01,0.33656588708431495
1879-07-01,0.3364873676994209
1879-08-01,0.33615445874296057
1879-09-01,0.3355209411598362
1879-10-01,0.33457907129669845
1879-11-01,0.3332220699876474
1879-12-01,0.3314953795303865
1880-01-01,0.3292599081794586
1880-02-01,0.3266208221598161
1880-03-01,0.3238529165000379
1880-04-01,0.32064529626417443
1880-05-01,0.3173653118693079
1880-06-01,0.3138671562037959
1880-07-01,0.3104462585760313
1880-08-01,0.30694741765884476
1880-09-01,0.303559307873847
1880-10-01,0.30045643097952746
1880-11-01,0.2975047870309468
1880-12-01,0.2949645465160506
1881-01-01,0.2927402582625381
1881-02-01,0.29100239888508084
1881-03-01,0.2899182706134293
1881-04-01,0.28933024275683067
1881-05-01,0.2894476683893326
1881-06-01,0.29035730587662195
1881-07-01,0.2920760225313033
1881-08-01,0.29479732945387543
1881-09-01,0.29855965673023654
1881-10-01,0.3032681925071424
1881-11-01,0.30931576915990655
1881-12-01,0.316387774054974
1882-01-01,0.3249367930069512
1882-02-01,0.33434021292429006
1882-03-01,0.343147302538509
1882-04-01,0.3527795227964627
1882-05-01,0.3615216262677912
1882-06-01,0.36946415704358176
1882-07-01,0.37562348850186394
1882-08-01,0.37991797993285514
1882-09-01,0.38160805069597864
1882-10-01,0.3802874643152239
1882-11-01,0.37537591889153915
1882-12-01,0.3667190830416297
1883-01-01,0.3531725229408037
1883-02-01,0.33407502535930866
1883-03-01,0.3112592753819192
1883-04-01,0.27895573042304234
1883-05-01,0.2397759875589333
1883-06-01,0.19017753588186978
1883-07-01,0.1324695526470287
1883-08-01,0.06187431092197193
1883-09-01,-0.020810104576011346
1883-10-01,-0.11323829552498058
1883-11-01,-0.22250266937164898
1883-12-01,-0.3424446345273169
1884-01-01,-0.4810823793314256
1884-02-01,-0.6310771063779765
1884-03-01,-0.7776946789296263
1884-04-01,-0.9369019846980164
1884-05-01,-1.0892702172135853
1884-06-01,-1.240582544564555
1884-07-01,-1.3768893041739403
1884-08-01,-1.5029028992695503
1884-09-01,-1.609390115524046
1884-10-01,-1.6896169525512497
1884-11-01,-1.7445571520734928
1884-12-01,-1.7664786081479007
1885-01-01,-1.7539804578154998
1885-02-01,-1.7088466301851155
1885-03-01,-1.6438389545761984
1885-04-01,-1.549244790329623
1885-05-01,-1.4392412959476246
1885-06-01,-1.3109523503256615
1885-07-01,-1.1769214286939482
1885-08-01,-1.0326705814646293
1885-09-01,-0.8871037252618358
1885-10-01,-0.749293214902974
1885-11-01,-0.6145091282183787
1885-12-01,-0.4957139817971429
1886-01-01,-0.3884657217376647
1886-02-01,-0.2966258622741228
1886-03-01,-0.225836934633751
1886-04-01,-0.15973345393014882
1886-05-01,-0.1068552448564391
1886-06-01,-0.06241261902184012
1886-07-01,-0.02806245857857743
1886-08-01,-0.00025027837789900597
1886-09-01,0.02103816919055264
1886-10-01,0.03665211520619213
1886-11-01,0.04889696385592995
1886-12-01,0.0581931089349509
1887-01-01,0.0662481292150179
1887-02-01,0.0731316328525051
1887-03-01,0.07854113006428423
1887-04-01,0.08385621173899903
1887-05-01,0.08854354918562005
1887-06-01,0.0931485802070381
1887-07-01,0.09759718982382325
1887-08-01,0.10241890065021046
1887-09-01,0.10770587864797199
1887-10-01,0.113490739454136
1887-11-01,0.12039208909556276
1887-12-01,0.1281876630044347
1888-01-01,0.1375618861110693
1888-02-01,0.14817326835899766
1888-03-01,0.15906943435998044
1888-04-01,0.1715922962577919
1888-05-01,0.1844156446898769
1888-06-01,0.19822887999243596
1888-07-01,0.2119824152817096
1888-08-01,0.22642766335104417
1888-09-01,0.2409417944819816
1888-10-01,0.2548931624976067
1888-11-01,0.2690463690396895
1888-12-01,0.282329893596114
1889-01-01,0.29546164444442996
1889-02-01,0.30781007132645216
1889-03-01,0.31813794246325117
1889-04-01,0.32848979616873475
1889-05-01,0.3372577571644004
1889-06-01,0.3448481916391432
1889-07-01,0.3506008509432861
1889-08-01,0.3547210811529561
1889-09-01,0.3568061370212635
1889-10-01,0.35671375867487476
1889-11-01,0.354259623013215
1889-12-01,0.3494315181696005
1890-01-01,0.34180767239481447
1890-02-01,0.3317147929319988
1890-03-01,0.3207148033625025
1890-04-01,0.30671444696262024
1890-05-01,0.29160401691146737
1890-06-01,0.27465504319008344
1890-07-01,0.2572279697964635
1890-08-01,0.23843988382214892
1890-09-01,0.21914236300706305
1890-10-01,0.20025218850987533
1890-11-01,0.18078890734855593
1890-12-01,0.1622751769043216
1891-01-01,0.14375331330624108
1891-02-01,0.12612229070350853
1891-03-01,0.11118992536679773
1891-04-01,0.09600744991800647
1891-05-01,0.08291362765459329
1891-06-01,0.07130083904882957
1891-07-01,0.06217224940390688
1891-08-01,0.055184588033329124
1891-09-01,0.050951877912671986
1891-10-01,0.04973553119155867
1891-11-01,0.05171976004508046
1891-12-01,0.0570305028435718
1892-01-01,0.0661667879705205
1892-02-01,0.07868141064346298
1892-03-01,0.09304901386440657
1892-04-01,0.11082582682882829
1892-05-01,0.1299944836551125
1892-06-01,0.15139553994171825
1892-07-01,0.17322963625129437
1892-08-01,0.19651502414785257
1892-09-01,0.22009123627789048
1892-10-01,0.24276058220703356
1892-11-01,0.26559699680726484
1892-12-01,0.2867085168790636
1893-01-01,0.30714398235321905
1893-02-01,0.32612504150397775
1893-03-01,0.34203843191788086
1893-04-01,0.3583155350292759
1893-05-01,0.37274668685306284
1893-06-01,0.38631654872854826
1893-07-01,0.3981712641477688
1893-08-01,0.40912373202306
1893-09-01,0.4187804810334663
1893-10-01,0.4269138810863161
1893-11-01,0.4340887434028534
1893-12-01,0.4398637920918211
1894-01-01,0.4446606016897434
1894-02-01,0.44836013729940954
1894-03-01,0.45084762873591944
1894-04-01,0.45275476273059356
1894-05-01,0.4538506489145504
1894-06-01,0.4543126099836337
1894-07-01,0.45421064553022084
1894-08-01,0.45364222154099715
1894-09-01,0.4527091185282552
1894-10-01,0.45155979288346804
1894-11-01,0.45022188651389633
1894-12-01,0.4488815194918307
1895-01-01,0.4475343337569566
1895-02-01,0.44623559814782326
1895-03-01,0.4450971547939632
1895-04-01,0.44386726196494913
1895-05-01,0.44269987914309983
1895-06-01,0.4415089482004129
1895-07-01,0.4403634229509074
1895-08-01,0.43917870243807006
1895-09-01,0.4379845866943559
1895-10-01,0.4368120782635605
1895-11-01,0.4355747773104178
1895-12-01,0.434344629262525
1896-01-01,0.433031428493455
1896-02-01,0.4316673067086548
1896-03-01,0.43033779661134547
1896-04-01,0.4288517172367223
1896-05-01,0.4273421532985252
1896-06-01,0.4257004497890032
1896-07-01,0.4240248486125547
1896-08-01,0.42219562561221163
1896-09-01,0.42025888255417226
1896-10-01,0.41827448287695185
1896-11-01,0.4161021158568643
1896-12-01,0.4138742597538283
1897-01-01,0.41144200066564296
1897-02-01,0.4089073293691354
1897-03-01,0.40656113736515004
1897-04-01,0.40393522758095796
1897-05-01,0.40139986206335015
1897-06-01,0.39882254026704345
1897-07-01,0.3964045024606579
1897-08-01,0.3940210699463253
1897-09-01,0.39179185519001025
1897-10-01,0.38981673206846174
1897-11-01,0.38800054952946755
1897-12-01,0.386495442083111
1898-01-01,0.38522203179945974
1898-02-01,0.3841946810999268
1898-03-01,0.3834317962621547
1898-04-01,0.3827184766891249
1898-05-01,0.3821086604533981
1898-06-01,0.38150734311265433
1898-07-01,0.3809012942384454
1898-08-01,0.3801957605458859
1898-09-01,0.37935440292905503
1898-10-01,0.3783582666136512
1898-11-01,0.37708659248537557
1898-12-01,0.3755693989407822
1899-01-01,0.3736702582412861
1899-02-01,0.3714741001560063
1899-03-01,0.36928389868468153
1899-04-01,0.3666842626879923
1899-05-01,0.36404698788171386
1899-06-01,0.36125326133871777
1899-07-01,0.3585378903547936
1899-08-01,0.3557768555909697
1899-09-01,0.3531193445440357
1899-10-01,0.35070129453681975
1899-11-01,0.3484185076287971
1899-12-01,0.34647282726834
1900-01-01,0.34477638279711903
1900-02-01,0.34338154763531803
1900-03-01,0.3423539739630089
1900-04-01,0.34144361642157833
1900-05-01,0.340760527383267
1900-06-01,0.34022761883808844
1900-07-01,0.33984907280217963
1900-08-01,0.33956810413238087
1900-09-01,0.3393670715813617
1900-10-01,0.3392181027440294
1900-11-01,0.33907971762379585
1900-12-01,0.3389306451126081
1901-01-01,0.33873344618599177
1901-02-01,0.3384804895569447
1901-03-01,0.33819732752583553
1901-04-01,0.33781579807254725
1901-05-01,0.33737110486522215
1901-06-01,0.33682569157918574
1901-07-01,0.3362071744283239
1901-08-01,0.3354664088250596
1901-09-01,0.3346143061374776
1901-10-01,0.33367602795361184
1901-11-01,0.3325811122836848
1901-12-01,0.3313926271082851
1902-01-01,0.3298980083329133
1902-02-01,0.32749941110646247
1902-03-01,0.32392323685975655
1902-04-01,0.31770266155152654
1902-05-01,0.3087271777169367
1902-06-01,0.29565807860940263
1902-07-01,0.27862986032833015
1902-08-01,0.25576696716403585
1902-09-01,0.22679818312404523
1902-10-01,0.19223379541849633
1902-11-01,0.14902917037607397
1902-12-01,0.0992630315758543
1903-01-01,0.03936463376318098
1903-02-01,-0.027469834369284254
1903-03-01,-0.09199866787852182
1903-04-01,-0.16605718889813542
1903-05-01,-0.23837281379618896
1903-06-01,-0.3116609903185283
1903-07-01,-0.37917792608598194
1903-08-01,-0.44331915623568907
1903-09-01,-0.49960177045825055
1903-10-01,-0.5445486958626221
1903-11-01,-0.5790508002284043
1903-12-01,-0.5988666184123326
1904-01-01,-0.6038830843171552
1904-02-01,-0.5943924767719869
1904-03-01,-0.5740333121605746
1904-04-01,-0.5417638958012908
1904-05-01,-0.5019175872513193
1904-06-01,-0.45365360823667983
1904-07-01,-0.4018237384231579
1904-08-01,-0.34478829545253564
1904-09-01,-0.28606333364411246
1904-10-01,-0.229381151663753
1904-11-01,-0.17277857967545032
1904-12-01,-0.1216453710852266
1905-01-01,-0.07399267451936824
1905-02-01,-0.03148375638160654
1905-03-01,0.002912937055165072
1905-04-01,0.037036147046715866
1905-05-01,0.06656067443094486
1905-06-01,0.0939494604238601
1905-07-01,0.11790896677618937
1905-08-01,0.140531133301814
1905-09-01,0.1614850417917094
1905-10-01,0.1806532971777403
1905-11-01,0.1998084225427015
1905-12-01,0.2181880835488017
1906-01-01,0.23735107050785492
1906-02-01,0.25638711706685174
1906-03-01,0.27309027504690947
1906-04-01,0.2906173261995987
1906-05-01,0.30619472896668803
1906-06-01,0.32041448320046245
1906-07-01,0.3319317913953513
1906-08-01,0.34106798043215925
1906-09-01,0.3469399984525832
1906-10-01,0.34908258031529704
1906-11-01,0.34719207114562745
1906-12-01,0.3409630452704838
1907-01-01,0.3297614910860256
1907-02-01,0.31439813518882326
1907-03-01,0.2976994656820893
1907-04-01,0.2769231636824995
1907-05-01,0.25535445531398887
1907-06-01,0.2324389387890412
1907-07-01,0.21050075263631632
1907-08-01,0.18896086321601668
1907-09-01,0.16946705684309085
1907-10-01,0.153405238235373
1907-11-01,0.1405881315893993
1907-12-01,0.1326883651190574
1908-01-01,0.12980133711301928
1908-02-01,0.13187183457060678
1908-03-01,0.13771127765713895
1908-04-01,0.1474991673527737
1908-05-01,0.1598507797964997
1908-06-01,0.17494619095186506
1908-07-01,0.19119565967691396
1908-08-01,0.20903911902061606
1908-09-01,0.22729825969706124
1908-10-01,0.24474156867015473
1908-11-01,0.26188856833873597
1908-12-01,0.2770171570116093
1909-01-01,0.290619158558065
1909-02-01,0.30213408696210003
1909-03-01,0.31082286289945743
1909-04-01,0.31863824047277056
1909-05-01,0.32448609690392693
1909-06-01,0.3288523311588556
1909-07-01,0.3315471841925389
1909-08-01,0.3328463547444079
1909-09-01,0.3327332780694473
1909-10-01,0.3313721453111957
1909-11-01,0.32876825615628835
1909-12-01,0.3251815369409873
1910-01-01,0.32050884978918415
1910-02-01,0.31515054520693425
1910-03-01,0.3100028684538609
1910-04-01,0.3042742793677136
1910-05-01,0.29900933226134035
1910-06-01,0.29418628218569454
1910-07-01,0.2904314607944864
1910-08-01,0.287823798186347
1910-09-01,0.2868439618616645
1910-10-01,0.28776427110764813
1910-11-01,0.29097533139874165
1910-12-01,0.2965851446875753
1911-01-01,0.30506551792166303
1911-02-01,0.31545473262382423
1911-03-01,0.32560559013961615
1911-04-01,0.33672603074151475
1911-05-01,0.34641265484902584
1911-06-01,0.35428898308723467
1911-07-01,0.35886833990322553
1911-08-01,0.35943376143598194
1911-09-01,0.3547252852768907
1911-10-01,0.3441579640184806
1911-11-01,0.32600505526144197
1911-12-01,0.3004591890654556
1912-01-01,0.26523467701052333
1912-02-01,0.22219023981526817
1912-03-01,0.176249641166458
1912-04-01,0.12257943765659139
1912-05-01,0.06761550620001798
1912-06-01,0.009238622660883666
1912-07-01,-0.047306016535350284
1912-08-01,-0.1042430160405153
1912-09-01,-0.15809272152192
1912-10-01,-0.2057706265812359
1912-11-01,-0.2489102202611666
1912-12-01,-0.283249357094909
1913-01-01,-0.3099168930342452
1913-02-01,-0.32797008063299693
1913-03-01,-0.33747108884053645
1913-04-01,-0.3411191587947145
1913-05-01,-0.33843118833074026
1913-06-01,-0.3299290152467983
1913-07-01,-0.3168322144590644
1913-08-01,-0.29896870174413914
1913-09-01,-0.27741657925130153
1913-10-01,-0.2537260604749741
1913-11-01,-0.22701881332585136
1913-12-01,-0.19968893362754
1914-01-01,-0.1705230936567001
1914-02-01,-0.1406693106993682
1914-03-01,-0.11325141609613443
1914-04-01,-0.08254705892982969
1914-05-01,-0.0526354390400827
1914-06-01,-0.021684057348420487
1914-07-01,0.00815552704032921
1914-08-01,0.03871101083790626
1914-09-01,0.068818913262777
1914-10-01,0.09737304022315066
1914-11-01,0.1261153912688754
1914-12-01,0.1530369254013129
1915-01-01,0.17978833833899066
1915-02-01,0.2053778782596781
1915-03-01,0.22744175877323874
1915-04-01,0.25065193542106845
1915-05-01,0.2718396131503162
1915-06-01,0.2923580989488248
1915-07-01,0.3108269472847438
1915-08-01,0.3284182098530269
1915-09-01,0.3444316040247696
1915-10-01,0.3583688011906037
1915-11-01,0.3710997429674777
1915-12-01,0.3817464060184852
1916-01-01,0.39099809886683135
1916-02-01,0.3986041153215857
1916-03-01,0.404381575744059
1916-04-01,0.40928985079941727
1916-05-01,0.412950711390342
1916-06-01,0.415775217702816
1916-07-01,0.4177410024572782
1916-08-01,0.419146120783947
1916-09-01,0.4200845216363983
1916-10-01,0.42070988991964264
1916-11-01,0.4212309196658175
1916-12-01,0.4217738549867356
1917-01-01,0.4225071353978197
1917-02-01,0.42341200223465314
1917-03-01,0.42434603342782573
1917-04-01,0.4254753337890062
1917-05-01,0.42662976668884744
1917-06-01,0.4278503133370151
1917-07-01,0.42902378696329696
1917-08-01,0.4301924381591216
1917-09-01,0.43127986000244256
1917-10-01,0.4322200422521273
1917-11-01,0.4330396827411645
1917-12-01,0.4336514596128339
1918-01-01,0.4340810634357206
1918-02-01,0.43437229980073067
1918-03-01,0.4345899114764429
1918-04-01,0.43486189264191133
1918-05-01,0.4352366742150447
1918-06-01,0.4358252321706088
1918-07-01,0.4366719071470948
1918-08-01,0.43791913467949195
1918-09-01,0.43963219625748934
1918-10-01,0.44181675049085006
1918-11-01,0.44470442486502176
1918-12-01,0.4481912299269724
1919-01-01,0.4525418143046223
1919-02-01,0.45747151033632943
1919-03-01,0.46222690577564524
1919-04-01,0.4676111298704069
1919-05-01,0.4727274544858656
1919-06-01,0.47768880571728595
1919-07-01,0.4819566942706553
1919-08-01,0.4855874838370986
1919-09-01,0.4881942324630408
1919-10-01,0.4895210669104965
1919-11-01,0.4894282805968634
1919-12-01,0.4877034576181323
1920-01-01,0.4841085874831241
1920-02-01,0.47896352372395584
1920-03-01,0.4730981590572225
1920-04-01,0.46607885622942635
1920-05-01,0.45891390542021965
1920-06-01,0.4515114719041042
1920-07-01,0.4447184561066169
1920-08-01,0.4384678189697074
1920-09-01,0.43339075155904605
1920-10-01,0.4299682377849144
1920-11-01,0.4283579387241526
1920-12-01,0.4290330687084038
1921-01-01,0.4322676221132576
1921-02-01,0.43769119360210745
1921-03-01,0.44401838112802916
1921-04-01,0.4521034417215868
1921-05-01,0.46051197742751526
1921-06-01,0.46927446228602865
1921-07-01,0.477318155559869
1921-08-01,0.4846492084604448
1921-09-01,0.4904446346998258
1921-10-01,0.49407799541914205
1921-11-01,0.49526141965950055
1921-12-01,0.4934111383364271
1922-01-01,0.48805340362181493
1922-02-01,0.47955016876270723
1922-03-01,0.46961001071579955
1922-04-01,0.45659425401710024
1922-05-01,0.44247284396935277
1922-06-01,0.4268236570700851
1922-07-01,0.4111534078552045
1922-08-01,0.3949367168777629
1922-09-01,0.3792233477059398
1922-10-01,0.3649986429067796
1922-11-01,0.3518335926610492
1922-12-01,0.3410746446237822
1923-01-01,0.33240659260425737
1923-02-01,0.3261717293734922
1923-03-01,0.32249027345352255
1923-04-01,0.32041685319064295
1923-05-01,0.32025905557054596
1923-06-01,0.3218409724250192
1923-07-01,0.32490223109151484
1923-08-01,0.3294815271542597
1923-09-01,0.33533193208679535
1923-10-01,0.3420438260088815
1923-11-01,0.34989928018845123
1923-12-01,0.3582331776194021
1924-01-01,0.36743965206696744
1924-02-01,0.37710213807966536
1924-03-01,0.3864244231201935
1924-04-01,0.39655375333081233
1924-05-01,0.4063829600213035
1924-06-01,0.41642487928106736
1924-07-01,0.42589529433682144
1924-08-01,0.43528312183565
1924-09-01,0.44412137278110486
1924-10-01,0.4520133994005304
1924-11-01,0.4593428924452562
1924-12-01,0.4655006303816792
1925-01-01,0.4707993272690188
1925-02-01,0.47509397906375367
1925-03-01,0.47821108605546014
1925-04-01,0.48093049295398654
1925-05-01,0.48294081161681074
1925-06-01,0.4844943202944568
1925-07-01,0.48560399094716733
1925-08-01,0.48646205862479247
1925-09-01,0.487146998935018
1925-10-01,0.48775944634733
1925-11-01,0.4884584876955522
1925-12-01,0.4893122218644057
1926-01-01,0.490465949387696
1926-02-01,0.4918669887953699
1926-03-01,0.4932969937503582
1926-04-01,0.49500922906949196
1926-05-01,0.4967427142366989
1926-06-01,0.49855682642705684
1926-07-01,0.5002807412171808
1926-08-01,0.5019731977570099
1926-09-01,0.5035181648555139
1926-10-01,0.5048184887423527
1926-11-01,0.5059046691739131
1926-12-01,0.5066528450660872
1927-01-01,0.5070778635936204
1927-02-01,0.5071974090159911
1927-03-01,0.507100396163112
1927-04-01,0.5068297762054836
1927-05-01,0.5064676497002661
1927-06-01,0.5060572396363637
1927-07-01,0.5056895071762636
1927-08-01,0.5054073015785436
1927-09-01,0.5052929527144636
1927-10-01,0.5054073061907277
1927-11-01,0.5058253503283385
1927-12-01,0.5065845976316213
1928-01-01,0.5077328339548502
1928-02-01,0.5089693559321322
1928-03-01,0.5098942492527501
1928-04-01,0.5103018047690588
1928-05-01,0.5098001609504674
1928-06-01,0.5080133160932299
1928-07-01,0.5047286453647686
1928-08-01,0.4993846119340126
1928-09-01,0.4917105651827291
1928-10-01,0.4817340768011395
1928-11-01,0.4684474887812979
1928-12-01,0.4523800952043431
1929-01-01,0.432327211349172
1929-02-01,0.4094614279768522
1929-03-01,0.38714119610832765
1929-04-01,0.36141449847993584
1929-05-01,0.33632423372089487
1929-06-01,0.31107586294529166
1929-07-01,0.2881388943054104
1929-08-01,0.26686234198994885
1929-09-01,0.2489430666807258
1929-10-01,0.23564822555095719
1929-11-01,0.2269696412900149
1929-12-01,0.2243078035653662
1930-01-01,0.22807063028238253
1930-02-01,0.23788710869467222
1930-03-01,0.25124617317097697
1930-04-01,0.27022366172069556
1930-05-01,0.29199985659329175
1930-06-01,0.3171949360640947
1930-07-01,0.3433874150707652
1930-08-01,0.3714918908309039
1930-09-01,0.3998071117773529
1930-10-01,0.42660485271348875
1930-11-01,0.4528400616522101
1930-12-01,0.476024148404215
1931-01-01,0.49702071514516905
1931-02-01,0.5149085991195211
1931-03-01,0.5284291850562166
1931-04-01,0.5405193401728425
1931-05-01,0.5493780313642251
1931-06-01,0.5556376889809925
1931-07-01,0.5589345248250018
1931-08-01,0.5595301788903887
1931-09-01,0.557311210449693
1931-10-01,0.5525244270254533
1931-11-01,0.5448925606605889
1931-12-01,0.5349480505106106
1932-01-01,0.5221625229485114
1932-02-01,0.5073310522862561
1932-03-01,0.4921352650962043
1932-04-01,0.47504683381583984
1932-05-01,0.45823095734076896
1932-06-01,0.44115002284180715
1932-07-01,0.4254645136438493
1932-08-01,0.4107121747361851
1932-09-01,0.39803273590002153
1932-10-01,0.3883006129636053
1932-11-01,0.38145044333366246
1932-12-01,0.3784826609886993
1933-01-01,0.37958298488807357
1933-02-01,0.3845155675966724
1933-03-01,0.39176580883649514
1933-04-01,0.4023349748916358
1933-05-01,0.41456018506829245
1933-06-01,0.4286726818944521
1933-07-01,0.4432031822120643
1933-08-01,0.45853661455851286
1933-09-01,0.4736005100711331
1933-10-01,0.4873568983581874
1933-11-01,0.5001391004883559
1933-12-01,0.5105636587678454
1934-01-01,0.518887957312657
1934-02-01,0.5248595711342369
1934-03-01,0.5284617769944706
1934-04-01,0.5307218639555081
1934-05-01,0.5314327187869852
1934-06-01,0.5309116444982762
1934-07-01,0.5294506254180581
1934-08-01,0.527222172961592
1934-09-01,0.5245375427463752
1934-10-01,0.521766377345499
1934-11-01,0.5189938450861811
1934-12-01,0.5166571856500404
1935-01-01,0.5148192140875892
1935-02-01,0.5135858482182128
1935-03-01,0.5129660567159104
1935-04-01,0.5127988446716946
1935-05-01,0.513128411465264
1935-06-01,0.5139469429286386
1935-07-01,0.5151731194179626
1935-08-01,0.5168589007449725
1935-09-01,0.5189400052528081
1935-10-01,0.521301553208396
1935-11-01,0.5240711958545567
1935-12-01,0.5270417354066097
1936-01-01,0.5303718591960439
1936-02-01,0.5338888872655129
1936-03-01,0.5372702775928789
1936-04-01,0.5408991153250945
1936-05-01,0.5443438430539937
1936-06-01,0.5477484764252359
1936-07-01,0.5508113919204768
1936-08-01,0.5536511510364646
1936-09-01,0.556073287877276
1936-10-01,0.5579367887216459
1936-11-01,0.5592802540895978
1936-12-01,0.5599350390436452
1937-01-01,0.5598998234984225
1937-02-01,0.5592567110170904
1937-03-01,0.5582830781901387
1937-04-01,0.5569139338315173
1937-05-01,0.5554397285170292
1937-06-01,0.5539139959193988
1937-07-01,0.5525804902783681
1937-08-01,0.5515021252448924
1937-09-01,0.5508825651130905
1937-10-01,0.5508667509690619
1937-11-01,0.551605442563563
1937-12-01,0.5531963022529713
1938-01-01,0.5558397878980342
1938-02-01,0.5593674342750242
1938-03-01,0.5631568564634766
1938-04-01,0.5678464800743994
1938-05-01,0.572707529133893
1938-06-01,0.5778806072279108
1938-07-01,0.5828563491711535
1938-08-01,0.5877830047418244
1938-09-01,0.5923047181993979
1938-10-01,0.5961174630228184
1938-11-01,0.5992919558489682
1938-12-01,0.6014477724775715
1939-01-01,0.6025931312890572
1939-02-01,0.6026909866356713
1939-03-01,0.60196160183641
1939-04-01,0.6003401094446963
1939-05-01,0.5980469818567218
1939-06-01,0.5950259731296793
1939-07-01,0.5915644827737094
1939-08-01,0.5875283739948043
1939-09-01,0.5831237146709248
1939-10-01,0.5786037440817299
1939-11-01,0.5737637600843303
1939-12-01,0.5690085154321157
1940-01-01,0.5641059623639016
1940-02-01,0.5592548937073986
1940-03-01,0.5547893763254748
1940-04-01,0.5501212377204893
1940-05-01,0.5457343436364096
1940-06-01,0.5413647682338506
1940-07-01,0.5373217327806432
1940-08-01,0.5333642353461265
1940-09-01,0.5296596568832134
1940-10-01,0.5263430068219154
1940-11-01,0.5232217089243663
1940-12-01,0.5205244504258154
1941-01-01,0.5180864848203613
1941-02-01,0.5159653523835475
1941-03-01,0.5142790103127743
1941-04-01,0.512618707919887
1941-05-01,0.511171905155049
1941-06-01,0.5097920614819944
1941-07-01,0.508520254626894
1941-08-01,0.5072216104474646
1941-09-01,0.5058878694085549
1941-10-01,0.5045152640808572
1941-11-01,0.5029622004239157
1941-12-01,0.5012809316467319
1942-01-01,0.4993247662087042
1942-02-01,0.4971723970528397
1942-03-01,0.49509413244298767
1942-04-01,0.4926827732901186
1942-05-01,0.49027645634358935
1942-06-01,0.48775507315784766
1942-07-01,0.4853198818444248
1942-08-01,0.48284884899997577
1942-09-01,0.48046486435572655
1942-10-01,0.4782796761979248
1942-11-01,0.4761879180002666
1942-12-01,0.4743631301331167
1943-01-01,0.4727129818052082
1943-02-01,0.47128835834626936
1943-03-01,0.4701750438492352
1943-04-01,0.46911188381236896
1943-05-01,0.4682302017027728
1943-06-01,0.467447346988357
1943-07-01,0.46679097586084406
1943-08-01,0.4661934585202826
1943-09-01,0.46565373442864877
1943-10-01,0.4651633459931653
1943-11-01,0.4646657289266829
1943-12-01,0.4641701369920253
1944-01-01,0.46364286436276564
1944-02-01,0.46319156555273067
1944-03-01,0.46293977279973064
1944-04-01,0.46296137405759324
1944-05-01,0.46337403960034035
1944-06-01,0.4643169222503674
1944-07-01,0.4658360569546434
1944-08-01,0.46814436114633234
1944-09-01,0.47131677605784544
1944-10-01,0.47531764394288584
1944-11-01,0.48052533111333534
1944-12-01,0.4867107238374258
1945-01-01,0.49434353343904275
1945-02-01,0.5030808404029514
1945-03-01,0.5117464031737545
1945-04-01,0.5220027830788542
1945-05-01,0.5323987474761585
1945-06-01,0.5434219625361697
1945-07-01,0.5541646412862795
1945-08-01,0.5651375641871776
1945-09-01,0.5757717808202226
1945-10-01,0.5855416923494432
1945-11-01,0.5948932280874695
1945-12-01,0.6030264513405308
1946-01-01,0.6103294667770547
1946-02-01,0.6165599460541199
1946-03-01,0.6213460367138036
1946-04-01,0.6258023756707104
1946-05-01,0.6293600587704491
1946-06-01,0.6323503753350881
1946-07-01,0.6346704864015139
1946-08-01,0.6365691764895739
1946-09-01,0.638056585445831
1946-10-01,0.6391954936779424
1946-11-01,0.6401559388501347
1946-12-01,0.6409660414439682
1947-01-01,0.6417529861235102
1947-02-01,0.6424802804314133
1947-03-01,0.6430618794579064
1947-04-01,0.6435957945291437
1947-05-01,0.6439760925728678
1947-06-01,0.6441999959426966
1947-07-01,0.6442261317639347
1947-08-01,0.6440281115753675
1947-09-01,0.6435727832016374
1947-10-01,0.6428599277730841
1947-11-01,0.6418138907451734
1947-12-01,0.6404752308817743
1948-01-01,0.6387513031196134
1948-02-01,0.6367757965627151
1948-03-01,0.6348058222694309
1948-04-01,0.6326827949648547
1948-05-01,0.6307214243598812
1948-06-01,0.6289072372860698
1948-07-01,0.6274685886248531
1948-08-01,0.6264258533373739
1948-09-01,0.6259524540902586
1948-10-01,0.6261489432764962
1948-11-01,0.6271447050470605
1948-12-01,0.628986807261166
1949-01-01,0.6318550073347275
1949-02-01,0.6355262090467348
1949-03-01,0.6393355859837134
1949-04-01,0.6438816092370647
1949-05-01,0.6483941435005837
1949-06-01,0.6529438119436032
1949-07-01,0.6570167229191405
1949-08-01,0.6606541913773298
1949-09-01,0.6634771031598543
1949-10-01,0.665210600581973
1949-11-01,0.6657400376902596
1949-12-01,0.6648108926012616
1950-01-01,0.6622084853581124
1950-02-01,0.6580889856398074
1950-03-01,0.6532540919238708
1950-04-01,0.6468780220072929
1950-05-01,0.6398919643281107
1950-06-01,0.6320524068149955
1950-07-01,0.6240778463562007
1950-08-01,0.6156588706950901
1950-09-01,0.6072842388436435
1950-10-01,0.5994370341753515
1950-11-01,0.5918163348196115
1950-12-01,0.5851265177835554
1951-01-01,0.5790924812437335
1951-02-01,0.5739216393642458
1951-03-01,0.5699268321146305
1951-04-01,0.5661786217606144
1951-05-01,0.5631536705593598
1951-06-01,0.5605727325167149
1951-07-01,0.5585280559336746
1951-08-01,0.5568057464573011
1951-09-01,0.5554015075636488
1951-10-01,0.5542703323420145
1951-11-01,0.5532592265302206
1951-12-01,0.5523591589304978
1952-01-01,0.5514436571998501
1952-02-01,0.5505194994999733
1952-03-01,0.5496355922349269
1952-04-01,0.5486576852187741
1952-05-01,0.5476668161641656
1952-06-01,0.5465842518848216
1952-07-01,0.5454677021972907
1952-08-01,0.5442300552064316
1952-09-01,0.5428942711296315
1952-10-01,0.5414958709143204
1952-11-01,0.5399289526301716
1952-12-01,0.538282474739205
1953-01-01,0.5364435831114885
1953-02-01,0.5344997971021189
1953-03-01,0.5326909710019571
1953-04-01,0.5306704751779291
1953-05-01,0.5287378227683671
1953-06-01,0.5268074766986032
1953-07-01,0.5250454293254172
1953-08-01,0.5233775172432336
1953-09-01,0.5219089977940041
1953-10-01,0.5207196077225393
1953-11-01,0.5197733607767113
1953-12-01,0.5191727590472395
1954-01-01,0.5189042789282222
1954-02-01,0.5189540553470331
1954-03-01,0.5192257789584201
1954-04-01,0.519725879659257
1954-05-01,0.5203579717931152
1954-06-01,0.5211094523741416
1954-07-01,0.5218794380409588
1954-08-01,0.5226645187099108
1954-09-01,0.5233832150151159
1954-10-01,0.5239625442366247
1954-11-01,0.5243863858610944
1954-12-01,0.5245749945243444
1955-01-01,0.5245044167039052
1955-02-01,0.5241991500753359
1955-03-01,0.5237658283216474
1955-04-01,0.5231604472235232
1955-05-01,0.5224972279168849
1955-06-01,0.5217835845348796
1955-07-01,0.521114978816493
1955-08-01,0.5204984658007553
1955-09-01,0.5200100268085931
1955-10-01,0.5197092507520878
1955-11-01,0.5196277146477287
1955-12-01,0.5198200991198149
1956-01-01,0.5203367070252276
1956-02-01,0.5211582850363196
1956-03-01,0.5221747235357387
1956-04-01,0.5234960482720474
1956-05-01,0.5249763899828381
1956-06-01,0.5266834254787155
1956-07-01,0.5284773374281035
1956-08-01,0.53044670732418
1956-09-01,0.5325021131413304
1956-10-01,0.5345431209722626
1956-11-01,0.536674785368924
1956-12-01,0.5387298935867848
1957-01-01,0.5408258141099612
1957-02-01,0.542918751409145
1957-03-01,0.5448368427555617
1957-04-01,0.5470246104322364
1957-05-01,0.5492391551544952
1957-06-01,0.5516635213730773
1957-07-01,0.5541751918463454
1957-08-01,0.5569770194084401
1957-09-01,0.56002465448348
1957-10-01,0.5632422861801922
1957-11-01,0.5668798314142799
1957-12-01,0.5707365033302016
1958-01-01,0.5750779472792393
1958-02-01,0.5796835050724399
1958-03-01,0.5839665125656518
1958-04-01,0.5887297662968201
1958-05-01,0.59324695565529
1958-06-01,0.597697695850884
1958-07-01,0.6016785103280562
1958-08-01,0.6053332559712091
1958-09-01,0.6083981952105141
1958-10-01,0.6106850807858962
1958-11-01,0.6122248409883051
1958-12-01,0.6128018044230458
1959-01-01,0.6123762938939847
1959-02-01,0.611005040263015
1959-03-01,0.6090662856695508
1959-04-01,0.6062693393706832
1959-05-01,0.6030352314428568
1959-06-01,0.5992802067496229
1959-07-01,0.5953727367720171
1959-08-01,0.5911841755702718
1959-09-01,0.5869763128881804
1959-10-01,0.5830134088983432
1959-11-01,0.5791631220601767
1959-12-01,0.5758000697995511
1960-01-01,0.5727872738100572
1960-02-01,0.5701560262238563
1960-03-01,0.5679227665367033
1960-04-01,0.5656541885289859
1960-05-01,0.563453680020656
1960-06-01,0.5610457826626788
1960-07-01,0.5584625947613373
1960-08-01,0.5554031460080623
1960-09-01,0.5518162781242494
1960-10-01,0.5477183380894166
1960-11-01,0.5427073721194291
1960-12-01,0.5369834184310218
1961-01-01,0.530103299275375
1961-02-01,0.5224459023213086
1961-03-01,0.5150866825405463
1961-04-01,0.5066980211878003
1961-05-01,0.49858559744497577
1961-06-01,0.4904721218660096
1961-07-01,0.4831333098926877
1961-08-01,0.4763434461969141
1961-09-01,0.47062802638803625
1961-10-01,0.4663750262022611
1961-11-01,0.46356445109732913
1961-12-01,0.462629893903798
1962-01-01,0.4635144453522355
1962-02-01,0.46526095917411237
1962-03-01,0.4665162178071176
1962-04-01,0.4663721875348993
1962-05-01,0.46353360779400826
1962-06-01,0.4565672807290847
1962-07-01,0.44473190043117206
1962-08-01,0.42599448234110915
1962-09-01,0.3993785064160581
1962-10-01,0.3649158424297305
1962-11-01,0.31906502024373756
1962-12-01,0.2635934110537075
1963-01-01,0.19420449523199007
1963-02-01,0.11450228577832347
1963-03-01,0.03580735998057515
1963-04-01,-0.056353532788265236
1963-05-01,-0.14821392887483162
1963-06-01,-0.24337198146095151
1963-07-01,-0.33327063739893503
1963-08-01,-0.4213772671940377
1963-09-01,-0.502049465573594
1963-10-01,-0.5705963725970026
1963-11-01,-0.6290619088418802
1963-12-01,-0.6712562802793266
1964-01-01,-0.6982249576614068
1964-02-01,-0.7095010192285096
1964-03-01,-0.7075748860834379
1964-04-01,-0.6940322556097315
1964-05-01,-0.6714295374601559
1964-06-01,-0.6401627946751932
1964-07-01,-0.6040707465662647
1964-08-01,-0.5626501675098955
1964-09-01,-0.5189706014187494
1964-10-01,-0.4763907237406386
1964-11-01,-0.4339747868808097
1964-12-01,-0.3962808129942233
1965-01-01,-0.36221071420996126
1965-02-01,-0.3326027332143693
1965-03-01,-0.30888576175360116
1965-04-01,-0.28508128824382184
1965-05-01,-0.2636128154186511
1965-06-01,-0.24210183214105885
1965-07-01,-0.22102938594721888
1965-08-01,-0.19804336747552342
1965-09-01,-0.1728635277703048
1965-10-01,-0.14549040873096664
1965-11-01,-0.11315185613953457
1965-12-01,-0.0770274703911396
1966-01-01,-0.0341668556499972
1966-02-01,0.013260101981849123
1966-03-01,0.058809646890982545
1966-04-01,0.1108999006887074
1966-05-01,0.16164282765148988
1966-06-01,0.21300244159012285
1966-07-01,0.2603070650963065
1966-08-01,0.305291491750394
1966-09-01,0.344872907444048
1966-10-01,0.3766600384936281
1966-11-01,0.4013531789823804
1966-12-01,0.4160010691439327
1967-01-01,0.42066578190356196
1967-02-01,0.41575898924588983
1967-03-01,0.4044048765856275
1967-04-01,0.3856149557663574
1967-05-01,0.3626377315615142
1967-06-01,0.3354680812930725
1967-07-01,0.3073202705794277
1967-08-01,0.2778444709753002
1967-09-01,0.24952427385653914
1967-10-01,0.2246953631008665
1967-11-01,0.20322917026020113
1967-12-01,0.1879719959575981
1968-01-01,0.1790381397381494
1968-02-01,0.17663013291540874
1968-03-01,0.17957413891490323
1968-04-01,0.1875159371225721
1968-05-01,0.19917916323315973
1968-06-01,0.21455990965319324
1968-07-01,0.2319178425034327
1968-08-01,0.25162870130638204
1968-09-01,0.2723487088928035
1968-10-01,0.29260492544999706
1968-11-01,0.3129663094142639
1968-12-01,0.3313711954518971
1969-01-01,0.3484246666561122
1969-02-01,0.3634818663526176
1969-03-01,0.3754944922831157
1969-04-01,0.3871788495986234
1969-05-01,0.397010741516237
1969-06-01,0.4057958843297811
1969-07-01,0.4131113239282614
1969-08-01,0.4195950131175604
1969-09-01,0.425138191209891
1969-10-01,0.4297524751084407
1969-11-01,0.43389574057243013
1969-12-01,0.4374445094489007
1970-01-01,0.4407376185897034
1970-02-01,0.44356412949458174
1970-03-01,0.4456048887520363
1970-04-01,0.4471741239493237
1970-05-01,0.4478804074868758
1970-06-01,0.4476407470513919
1970-07-01,0.44634609106537676
1970-08-01,0.44378005124729164
1970-09-01,0.43983343759428123
1970-10-01,0.43457376206155074
1970-11-01,0.42752030173111377
1970-12-01,0.4190036050186977
1971-01-01,0.40841679107356643
1971-02-01,0.39633564970356916
1971-03-01,0.3844821218094475
1971-04-01,0.37069577958882827
1971-05-01,0.3570666034277331
1971-06-01,0.343087185564448
1971-07-01,0.3300434656058046
1971-08-01,0.3174670662035853
1971-09-01,0.3062153478284545
1971-10-01,0.2969761228071309
1971-11-01,0.28953464678721846
1971-12-01,0.2847550566759764
1972-01-01,0.28261572955756775
1972-02-01,0.2832104312024628
1972-03-01,0.2860532948964706
1972-04-01,0.2913348270969474
1972-05-01,0.2984562440544389
1972-06-01,0.3076850815661031
1972-07-01,0.3182275699046725
1972-08-01,0.33057931629271026
1972-09-01,0.3442021810277457
1972-10-01,0.3583953318405224
1972-11-01,0.37389775345188436
1972-12-01,0.3895109287732931
1973-01-01,0.40606447246394883
1973-02-01,0.4228140813531955
1973-03-01,0.43791402906432997
1973-04-01,0.45438163086782324
1973-05-01,0.4698516061117165
1973-06-01,0.48512447811877624
1973-07-01,0.4989939652366409
1973-08-01,0.5121538915796752
1973-09-01,0.5238881377082888
1973-10-01,0.5336630593820323
1973-11-01,0.541899509685662
1973-12-01,0.5478451696573601
1974-01-01,0.5517122843238175
1974-02-01,0.5532633645036035
1974-03-01,0.5527093550082811
1974-04-01,0.5499710599839348
1974-05-01,0.5452341106087997
1974-06-01,0.5382244784043941
1974-07-01,0.5294343791370677
1974-08-01,0.5183195743355252
1974-09-01,0.5051822135850609
1974-10-01,0.4905833167953362
1974-11-01,0.4735913923268964
1974-12-01,0.4553426748018352
1975-01-01,0.43475945512903613
1975-02-01,0.4129481059984409
1975-03-01,0.3927122483174662
1975-04-01,0.3702916945485761
1975-05-01,0.34914778530306595
1975-06-01,0.32847975748229474
1975-07-01,0.3102038191305871
1975-08-01,0.2937104052088883
1975-09-01,0.28026673391046447
1975-10-01,0.27074968176087805
1975-11-01,0.2651336094678828
1975-12-01,0.2643636311707855
1976-01-01,0.2687861893364122
1976-02-01,0.27807948334820554
1976-03-01,0.2906150751670686
1976-04-01,0.3075152179862152
1976-05-01,0.32672332384030617
1976-06-01,0.3488962467329732
1976-07-01,0.3720064685548972
1976-08-01,0.39697098437423206
1976-09-01,0.4224033124356837
1976-10-01,0.4468570949113454
1976-11-01,0.47133889757962083
1976-12-01,0.4936722423456672
1977-01-01,0.5148600148947454
1977-02-01,0.5341790307770372
1977-03-01,0.5501763543822126
1977-04-01,0.5664506232633496
1977-05-01,0.5809309122444141
1977-06-01,0.5947629184903732
1977-07-01,0.6072268844684617
1977-08-01,0.6193340858101154
1977-09-01,0.6308396985062931
1977-10-01,0.6415758968865519
1977-11-01,0.6524387720758063
1977-12-01,0.6629001233836582
1978-01-01,0.6737977670172093
1978-02-01,0.6847686240974654
1978-03-01,0.6946954498704819
1978-04-01,0.7056553075954849
1978-05-01,0.716181464324133
1978-06-01,0.7269226999889473
1978-07-01,0.7371353334289329
1978-08-01,0.7474472430240331
1978-09-01,0.7574602223543081
1978-10-01,0.7668143255852232
1978-11-01,0.7760801957494502
1978-12-01,0.7846093365569994
1979-01-01,0.7929220161815916
1979-02-01,0.8006949259425423
1979-03-01,0.8072294814459757
1979-04-01,0.8139013732417784
1979-05-01,0.8197706287471397
1979-06-01,0.8252025628524586
1979-07-01,0.8298218702538898
1979-08-01,0.8339105359682359
1979-09-01,0.8372769652982153
1979-10-01,0.839822003791372
1979-11-01,0.8416893518706237
1979-12-01,0.8427336775241299
1980-01-01,0.8430417125977926
1980-02-01,0.8427542992171271
1980-03-01,0.8421516953810939
1980-04-01,0.8413702744182661
1980-05-01,0.8406925940173369
1980-06-01,0.8402990769588904
1980-07-01,0.84043106236029
1980-08-01,0.841322950722275
1980-09-01,0.8432120276926783
1980-10-01,0.8462079470787122
1980-11-01,0.8507360383134257
1980-12-01,0.8567201173984937
1981-01-01,0.8646469402549813
1981-02-01,0.8738882536725956
1981-03-01,0.8828702337998252
1981-04-01,0.8929697262080443
1981-05-01,0.9023565973497272
1981-06-01,0.911077615032351
1981-07-01,0.9180158782436519
1981-08-01,0.9230549142624151
1981-09-01,0.925340005583429
1981-10-01,0.9243689166971351
1981-11-01,0.9194978847424788
1981-12-01,0.910486915135408
1982-01-01,0.8963204952436998
1982-02-01,0.8774494022655023
1982-03-01,0.8566856271669131
1982-04-01,0.8299394448746985
1982-05-01,0.8006521247224705
1982-06-01,0.767251288977267
1982-07-01,0.7322556805682038
1982-08-01,0.6937123692118626
1982-09-01,0.6531351810003261
1982-10-01,0.6122982613318043
1982-11-01,0.5688592591722492
1982-12-01,0.5259845410904116
1983-01-01,0.48126995276297413
1983-02-01,0.4368932958109406
1983-03-01,0.39779602936488156
1983-04-01,0.3563689855730136
1983-05-01,0.31889922111365837
1983-06-01,0.2837012951130785
1983-07-01,0.2538238267614586
1983-08-01,0.22808752825891004
1983-09-01,0.20839839354044987
1983-10-01,0.19588842991732497
1983-11-01,0.19053618323821336
1983-12-01,0.1934647449951403
1984-01-01,0.20536122282003053
1984-02-01,0.225501167233681
1984-03-01,0.2508397744214004
1984-04-01,0.28384062929818565
1984-05-01,0.32059268992357315
1984-06-01,0.3624859854472253
1984-07-01,0.40580296263225846
1984-08-01,0.4523713117323116
1984-09-01,0.4996992771587525
1984-10-01,0.5451978787567207
1984-11-01,0.5908402484073841
1984-12-01,0.6326669571237291
1985-01-01,0.6726119110276737
1985-02-01,0.7091741604272545
1985-03-01,0.7394105688660717
1985-04-01,0.7699331662071341
1985-05-01,0.7966475183041997
1985-06-01,0.8214749342613036
1985-07-01,0.8429479937545491
1985-08-01,0.8626385863810502
1985-09-01,0.8799326419653358
1985-10-01,0.8945228271229774
1985-11-01,0.9075221731620493
1985-12-01,0.9182263610436884
1986-01-01,0.9275025831996311
1986-02-01,0.9351733491624692
1986-03-01,0.9409078229501513
1986-04-01,0.9461407089339119
1986-05-01,0.950291898494196
1986-06-01,0.9538557358307683
1986-07-01,0.9568105859841123
1986-08-01,0.95957103719353
1986-09-01,0.9622549583269243
1986-10-01,0.9649900134648427
1986-11-01,0.9681761378455589
1986-12-01,0.9718160650873529
1987-01-01,0.9763297966899379
1987-02-01,0.9816288700375155
1987-03-01,0.9870751905765195
1987-04-01,0.9938192671907939
1987-05-01,1.0010440204181406
1987-06-01,1.0092135988513222
1987-07-01,1.017784179958486
1987-08-01,1.0273096341910475
1987-09-01,1.037497457258003
1987-10-01,1.0479703671715428
1987-11-01,1.0594090563035083
1987-12-01,1.0710587917543837
1988-01-01,1.0836712966785451
1988-02-01,1.0968128755998277
1988-03-01,1.109530195944002
1988-04-01,1.1235181617663528
1988-05-01,1.1373845296242
1988-06-01,1.151992866633944
1988-07-01,1.1663424453298954
1988-08-01,1.181329046884328
1988-09-01,1.1964150986353503
1988-10-01,1.211050299123796
1988-11-01,1.226149470974772
1988-12-01,1.2406802199586386
1989-01-01,1.2555617196614035
1989-02-01,1.2703019529163453
1989-03-01,1.2834987480149014
1989-04-01,1.2979849247711908
1989-05-01,1.311884059709112
1989-06-01,1.3261279776555246
1989-07-01,1.339802708875678
1989-08-01,1.3538251179485805
1989-09-01,1.367742908942862
1989-10-01,1.3811171761703056
1989-11-01,1.394844753277073
1989-12-01,1.4080449828406474
1990-01-01,1.421512382673737
1990-02-01,1.4343573335519302
1990-03-01,1.4449759448277404
1990-04-01,1.4551473324088013
1990-05-01,1.462913757433767
1990-06-01,1.4682684542531248
1990-07-01,1.4703638689424436
1990-08-01,1.4688151684965003
1990-09-01,1.46295849500492
1990-10-01,1.4526813752447507
1990-11-01,1.4367741405808034
1990-12-01,1.415760974603699
1991-01-01,1.3877866479055416
1991-02-01,1.3532655662298123
1991-03-01,1.3163601175693533
1991-04-01,1.26905344580949
1991-05-01,1.216714804607573
1991-06-01,1.155740232121164
1991-07-01,1.0899537599794291
1991-08-01,1.0148549042772728
1991-09-01,0.9324032345491614
1991-10-01,0.845499419315193
1991-11-01,0.748235151797457
1991-12-01,0.646775734272303
1992-01-01,0.5347385416718365
1992-02-01,0.4177431349276394
1992-03-01,0.3063392492007638
1992-04-01,0.18786759745496875
1992-05-01,0.07645679263809775
1992-06-01,-0.03253843287283881
1992-07-01,-0.12942302039624154
1992-08-01,-0.21787382306886863
1992-09-01,-0.29164242559536163
1992-10-01,-0.3463596120747166
1992-11-01,-0.382891075574089
1992-12-01,-0.3962168388319798
1993-01-01,-0.385419919380693
1993-02-01,-0.35169341264045356
1993-03-01,-0.3040193833619509
1993-04-01,-0.23494660501149822
1993-05-01,-0.15453766994166257
1993-06-01,-0.06035385483293948
1993-07-01,0.03873158172404321
1993-08-01,0.14640246314793232
1993-09-01,0.25647276960544485
1993-10-01,0.3624493748333958
1993-11-01,0.4684755134951635
1993-12-01,0.5649139061257302
1994-01-01,0.6558852116908536
1994-02-01,0.7381191937793121
1994-03-01,0.8054489055843662
1994-04-01,0.872926319662858
1994-05-01,0.9317745634677391
1994-06-01,0.9865765297645884
1994-07-01,1.0344280653552718
1994-08-01,1.079178949124421
1994-09-01,1.1198276420288142
1994-10-01,1.1558976513065655
1994-11-01,1.1904533207547785
1994-12-01,1.221896709875231
1995-01-01,1.252881419019269
1995-02-01,1.2824952911474101
1995-03-01,1.3081182477910454
1995-04-01,1.3352998300079577
1995-05-01,1.3604755317756398
1995-06-01,1.385385990997458
1995-07-01,1.4084836758563213
1995-08-01,1.4313706897950067
1995-09-01,1.4533243130824829
1995-10-01,1.473741292220912
1995-11-01,1.4940450169383765
1995-12-01,1.5129851640954854
1996-01-01,1.5318441860464793
1996-02-01,1.549830630111774
1996-03-01,1.5656975787566312
1996-04-01,1.5814527837335854
1996-05-01,1.5953372699915789
1996-06-01,1.6080908439975883
1996-07-01,1.6187128176516095
1996-08-01,1.6277254965803536
1996-09-01,1.634553756480148
1996-10-01,1.6389020604984759
1996-11-01,1.6408744696196689
1996-12-01,1.64016585476855
1997-01-01,1.636658892110671
1997-02-01,1.6307196606320982
1997-03-01,1.623683443034884
1997-04-01,1.6145061902237408
1997-05-01,1.6046958748270819
1997-06-01,1.5940885607007356
1997-07-01,1.5838377112135138
1997-08-01,1.5737500212818736
1997-09-01,1.5646735812533026
1997-10-01,1.5573270499060086
1997-11-01,1.5517107433657775
1997-12-01,1.5486561245119943
1998-01-01,1.548335192692915
1998-02-01,1.5508240260800528
1998-03-01,1.5553347292837785
1998-04-01,1.5626652321823173
1998-05-01,1.5719301881090992
1998-06-01,1.583569019677895
1998-07-01,1.5966602180346596
1998-08-01,1.611898288621829
1998-09-01,1.6286937360271003
1998-10-01,1.6462577335700894
1998-11-01,1.6655829733056482
1998-12-01,1.685252049078649
1999-01-01,1.7063923263567744
1999-02-01,1.7281521433012805
1999-03-01,1.7481580772120138
1999-04-01,1.7704971618716354
1999-05-01,1.792107553947473
1999-06-01,1.8142186221514305
1999-07-01,1.8352015616715036
1999-08-01,1.8562439110492104
1999-09-01,1.8764209583895888
1999-10-01,1.8949187432551085
1999-11-01,1.912759127210318
1999-12-01,1.9285888334592616
2000-01-01,1.9433075870021836
2000-02-01,1.9564238431126126
2000-03-01,1.9673470360906562
2000-04-01,1.9776948777318328
2000-05-01,1.9865097456029155
2000-06-01,1.9944934539553443
2000-07-01,2.001240197956388
2000-08-01,2.0073139169328162
2000-09-01,2.012591027285101
2000-10-01,2.0170499046861052
2000-11-01,2.0211019640225976
2000-12-01,2.024595055237068
2001-01-01,2.0278562290836324
2001-02-01,2.0307798018611805
2001-03-01,2.033128125775277
2001-04-01,2.035402035896849
2001-05-01,2.037274043834101
2001-06-01,2.038866437719556
2001-07-01,2.0400740775399937
2001-08-01,2.040974960220152
2001-09-01,2.0415205887978463
2001-10-01,2.041707935878637
2001-11-01,2.041546978871286
2001-12-01,2.04104569717501
2002-01-01,2.0401647499385764
2002-02-01,2.038895350389604
2002-03-01,2.0373957488644296
2002-04-01,2.0353233848437986
2002-05-01,2.0328845620038316
2002-06-01,2.02989426810894
2002-07-01,2.0265239605330274
2002-08-01,2.0225265280581084
2002-09-01,2.0179830835785513
2002-10-01,2.0130446249799543
2002-11-01,2.007359497642819
2002-12-01,2.0012730191631296
2003-01-01,1.99439145811881
2003-02-01,1.987056921674322
2003-03-01,1.9801956442164073
2003-04-01,1.972506531355815
2003-05-01,1.9651400962308045
2003-06-01,1.9577840443946084
2003-07-01,1.9510841124849978
2003-08-01,1.9447724396028954
2003-09-01,1.9392641152749284
2003-10-01,1.9348714071004012
2003-11-01,1.9314802690959076
2003-12-01,1.9294806370068536
2004-01-01,1.9288465407709825
2004-02-01,1.9294937048093552
2004-03-01,1.9310419603848303
2004-04-01,1.9334727984766087
2004-05-01,1.936362706110894
2004-06-01,1.9396658219621339
2004-07-01,1.9429407231955391
2004-08-01,1.946167214725498
2004-09-01,1.948991117983842
2004-10-01,1.9511097823497559
2004-11-01,1.9524259302797975
2004-12-01,1.952626330417963
2005-01-01,1.9515546979706053
2005-02-01,1.9492842144296931
2005-03-01,1.9463429207718197
2005-04-01,1.942255433231094
2005-05-01,1.9376215466284046
2005-06-01,1.9322960380192065
2005-07-01,1.926779188717376
2005-08-01,1.9208669115984258
2005-09-01,1.9149060203695039
2005-10-01,1.9092495509391385
2005-11-01,1.9036841081742732
2005-12-01,1.8987254530117303
2006-01-01,1.8941767758615338
2006-02-01,1.890229996013506
2006-03-01,1.8871730092238626
2006-04-01,1.8843402324151546
2006-05-01,1.882140478110779
2006-06-01,1.8804159835454544
2006-07-01,1.8792673693132202
2006-08-01,1.8786069486536048
2006-09-01,1.8784703448889557
2006-10-01,1.878826137139664
2006-11-01,1.8796869324107877
2006-12-01,1.8809865584036911
2007-01-01,1.8828051704985638
2007-02-01,1.885119005759758
2007-03-01,1.8876481673303012
2007-04-01,1.890949665555028
2007-05-01,1.8946611811048097
2007-06-01,1.8990460512897904
2007-07-01,1.9038366039194332
2007-08-01,1.909368112109203
2007-09-01,1.9155065834396776
2007-10-01,1.9220403392621872
2007-11-01,1.9294208662383883
2007-12-01,1.937187223997667
2008-01-01,1.9458510143494334
2008-02-01,1.9550700604824092
2008-03-01,1.964094239819251
2008-04-01,1.9740584128463625
2008-05-01,1.983906779909794
2008-06-01,1.9941829867049425
2008-07-01,2.0041159700805418
2008-08-01,2.014255016819467
2008-09-01,2.024152214577012
2008-10-01,2.0333906056647773
2008-11-01,2.0424731707131154
2008-12-01,2.0507058557157154
2009-01-01,2.058562295169346
2009-02-01,2.0658305230644136
2009-03-01,2.0719814533829912
2009-04-01,2.078434623002802
2009-05-01,2.084423049528951
2009-06-01,2.0904532133546168
2009-07-01,2.0962387356935803
2009-08-01,2.1022725699932088
2009-09-01,2.1084717848960577
2009-10-01,2.1147322817042085
2009-11-01,2.1215786788296405
2009-12-01,2.128671937273246
2010-01-01,2.1365569495614776
2010-02-01,2.144939748526868
2010-03-01,2.1528549355401965
2010-04-01,2.1619053656786433
2010-05-01,2.1708589201859754
2010-06-01,2.180213942420896
2010-07-01,2.1892725383994285
2010-08-01,2.198540054245022
2010-09-01,2.2076128356044653
2010-10-01,2.216112152517673
2010-11-01,2.2245060658370743
2010-12-01,2.2321586886055
2011-01-01,2.2395038640504366
2011-02-01,2.246287885700574
2011-03-01,2.2519597719238313
2011-04-01,2.2577644947712057
2011-05-01,2.2629360987070584
2011-06-01,2.267850606824665
2011-07-01,2.272220866822013
2011-08-01,2.2763694788631432
2011-09-01,2.2801765077059333
2011-10-01,2.283565737914084
2011-11-01,2.2867943676656886
2011-12-01,2.289684011004931
2012-01-01,2.2924811767103175
2012-02-01,2.2952309212525983
2012-03-01,2.2979089805868522
2012-04-01,2.301043642194787
2012-05-01,2.3044993276858046
2012-06-01,2.308669739669357
2012-07-01,2.313442156392105
2012-08-01,2.3192980625456174
2012-09-01,2.326259532828699
2012-10-01,2.334207138935016
2012-11-01,2.3438340448483763
2012-12-01,2.354675496948999
2013-01-01,2.3675332830531715
2013-02-01,2.3818190385872535
2013-03-01,2.3956685334732915
2013-04-01,2.411738256284551
2013-05-01,2.4277183868402314
2013-06-01,2.444345304281535
2013-07-01,2.460231413406904
2013-08-01,2.476106825262189
2013-09-01,2.4910987908473134
2013-10-01,2.5044476349303917
2013-11-01,2.516714317554454
2013-12-01,2.526792548990022
2014-01-01,2.5351256594952662
2014-02-01,2.5415096457306077
2014-03-01,2.545820502993909
2014-04-01,2.549225546810134
2014-05-01,2.5513932975682314
2014-06-01,2.552725684593432
2014-07-01,2.553383148701749
2014-08-01,2.5536669334417583
2014-09-01,2.5538102706687384
2014-10-01,2.554064368350457
2014-11-01,2.554703578940385
2014-12-01,2.555933064314874
2015-01-01,2.5580323101817948
2015-02-01,2.560937071587809
2015-03-01,2.564174164784608
2015-04-01,2.568349876824058
2015-05-01,2.572896547286068
2015-06-01,2.5780249423643355
2015-07-01,2.5833158029390497
2015-08-01,2.5890295078780845
2015-09-01,2.594899876830773
2015-10-01,2.600640677756877
2015-11-01,2.6065422855476967
2015-12-01,2.612135556392291
2016-01-01,2.61772430057934
2016-02-01,2.6231410582752797
2016-03-01,2.628092284148171
2016-04-01,2.6333032764746584
2016-05-01,2.638307021647711
2016-06-01,2.643480652795907
2016-07-01,2.6485320744382745
2016-08-01,2.653841598134678
2016-09-01,2.6592865780586132
2016-10-01,2.6647270311140785
2016-11-01,2.67056920428848
2016-12-01,2.676477870357218
2017-01-01,2.6828704477668666
2017-02-01,2.6894990640896768
2017-03-01,2.6956262720134023
2017-04-01,2.7024955051533017
2017-05-01,2.709159931100228
2017-06-01,2.7159903504282
2017-07-01,2.7224757403070603
2017-08-01,2.7289749655729603
2017-09-01,2.735193830127198
2017-10-01,2.7408740217082626
2017-11-01,2.7463207252657815
2017-12-01,2.7511121899547897
2018-01-01,2.7555174229117534
2018-02-01,2.7594080344000225
2018-03-01,2.7625321373547216
2018-04-01,2.7656171196218935
2018-05-01,2.768285860719934
2018-06-01,2.7707775090457294
2018-07-01,2.7729899260830475
2018-08-01,2.7751318386247243
2018-09-01,2.777189370785987
2018-10-01,2.779159446668319
2018-11-01,2.781234636987558
2018-12-01,2.7833396714859577
2019-01-01,2.785676118120428
2019-02-01,2.788238688556122
2019-03-01,2.7907999569211417
2019-04-01,2.793966703649455
2019-05-01,2.7974198598055997
2019-06-01,2.801450868123667
2019-07-01,2.805858276539539
2019-08-01,2.8109971446046194
2019-09-01,2.8167923775592056
2019-10-01,2.8230848714017522
2019-11-01,2.830355358045444
2019-12-01,2.838193386824507
